batch_time_avg,batch_time_cv_percent,batch_time_max,batch_time_max_min_ratio,batch_time_min,batches_per_second,epoch,l_cov,l_mean,l_sd,step,train_loss,val_loss
,,,,,,0,196.58380126953125,1086.9437255859375,747.2117919921875,49,1388.9755859375,
0.6542317271232605,32.799156188964844,2.0592827796936035,4.392792701721191,0.46878671646118164,1.528510332107544,0,176.61068725585938,858.57666015625,636.9607543945312,99,1154.5543212890625,
0.4989113509654999,6.146143436431885,0.577714204788208,1.2848507165908813,0.44963526725769043,2.004364013671875,0,165.28131103515625,800.85009765625,621.8343505859375,149,1104.900146484375,
,,,,,,1,175.58560180664062,830.366943359375,620.2139892578125,199,1123.190185546875,
0.5709927678108215,25.444849014282227,1.3005170822143555,3.3385872840881348,0.3895411491394043,1.751335620880127,1,182.2763671875,702.3409423828125,597.46337890625,249,1039.772216796875,
0.5340620875358582,7.786078929901123,0.6578423976898193,1.4494061470031738,0.4538702964782715,1.8724415302276611,1,180.02685546875,728.646240234375,600.65185546875,299,1054.9884033203125,
0.4731113910675049,9.459456443786621,0.5999655723571777,1.386801838874817,0.43262529373168945,2.1136672496795654,1,187.84933471679688,756.8125,579.8977661132812,349,1052.228759765625,
,,,,,,2,161.68760681152344,790.8782958984375,580.5811767578125,399,1056.8642578125,
0.5869318842887878,28.29123878479004,1.3789007663726807,4.441110134124756,0.3104856014251709,1.7037752866744995,2,189.01095581054688,768.93212890625,567.7025146484375,449,1046.674072265625,
0.547380805015564,7.717287063598633,0.6451542377471924,1.4019314050674438,0.4601895809173584,1.826881766319275,2,186.10202026367188,716.1402587890625,572.26416015625,499,1023.38525390625,
,,,,,,3,181.79605102539062,762.4935302734375,579.2232666015625,549,1051.3681640625,
0.5712510943412781,25.431577682495117,1.0176801681518555,3.3234243392944336,0.3062143325805664,1.7505437135696411,3,160.05528259277344,766.22802734375,562.6715698242188,599,1025.813232421875,
0.5898609757423401,17.315210342407227,0.969658374786377,2.0514776706695557,0.47266340255737305,1.695314645767212,3,180.7430419921875,675.86376953125,590.786865234375,649,1019.0902099609375,
0.49079617857933044,11.647014617919922,0.6362297534942627,1.4520151615142822,0.4381701946258545,2.037505626678467,3,174.09262084960938,657.8889770507812,540.7359619140625,699,956.726806640625,
,,,,,,4,174.22244262695312,701.7847290039062,560.3313598632812,749,998.3348999023438,
0.5580262541770935,27.988510131835938,1.3481571674346924,4.401178359985352,0.3063173294067383,1.7920304536819458,4,171.27896118164062,648.687255859375,562.9287109375,799,972.911865234375,
0.5634419918060303,10.174664497375488,0.8143036365509033,1.694703221321106,0.480499267578125,1.7748055458068848,4,167.2888946533203,679.9688720703125,549.7229614257812,849,973.351806640625,
0.4798070192337036,9.064974784851074,0.5823230743408203,1.3197534084320068,0.4412362575531006,2.0841712951660156,4,169.30067443847656,604.8358764648438,554.4283447265625,899,941.4967041015625,
,,,,,,5,195.3829345703125,706.7426147460938,558.3485717773438,949,1009.411376953125,
0.5242804884910583,15.791023254394531,0.8028566837310791,2.599031686782837,0.30890607833862305,1.9073760509490967,5,174.6441650390625,651.27392578125,523.1240234375,999,936.0830078125,
0.5876733064651489,16.555707931518555,0.9176256656646729,1.9619512557983398,0.4677107334136963,1.7016258239746094,5,165.5963897705078,638.291015625,528.4136352539062,1049,930.3572998046875,
,,,,,,6,174.2998046875,799.1715698242188,557.8531494140625,1099,1044.5888671875,
0.5130943059921265,19.20182228088379,1.221357822418213,3.8964126110076904,0.31345701217651367,1.9489595890045166,6,181.97877502441406,611.9967651367188,530.5049438476562,1149,927.49267578125,
0.5772567987442017,13.67216968536377,0.8139407634735107,1.7463141679763794,0.46609067916870117,1.7323312759399414,6,178.50074768066406,605.8226318359375,531.67431640625,1199,923.8359375,
0.4864933490753174,9.400847434997559,0.5753879547119141,1.304667592048645,0.4410226345062256,2.0555264949798584,6,188.93731689453125,583.023681640625,507.73187255859375,1249,893.7123413085938,
,,,,,,7,165.21194458007812,623.7481079101562,512.4905395507812,1299,906.9705810546875,
0.4920217990875244,9.743589401245117,0.5844471454620361,1.863932490348816,0.3135559558868408,2.032430410385132,7,188.610595703125,607.4476928710938,499.5643615722656,1349,897.593505859375,
0.5503265857696533,11.553783416748047,0.7205154895782471,1.5796101093292236,0.4561350345611572,1.8171029090881348,7,182.50965881347656,621.4527587890625,515.163330078125,1399,917.14453125,
,,,,,,8,182.67718505859375,724.892578125,536.0532836914062,1449,989.838134765625,
0.5071337223052979,16.966045379638672,1.06319260597229,3.4144415855407715,0.31138110160827637,1.9718666076660156,8,159.00694274902344,580.2962646484375,496.3162536621094,1499,865.9678344726562,
0.5604936480522156,13.16773509979248,0.7460751533508301,1.5899109840393066,0.4692559242248535,1.7841415405273438,8,181.7950439453125,605.48974609375,547.1403198242188,1549,940.7827758789062,
0.5025448799133301,13.47323226928711,0.6979677677154541,1.5884246826171875,0.4394087791442871,1.9898719787597656,8,175.63320922851562,525.9869995117188,489.68328857421875,1599,840.4933471679688,
,,,,,,9,175.13511657714844,650.3097534179688,517.689697265625,1649,930.4122314453125,
0.5058310627937317,12.323420524597168,0.6712350845336914,2.1449151039123535,0.3129425048828125,1.9769445657730103,9,170.59304809570312,503.0096740722656,505.0368957519531,1699,841.8382568359375,
0.5273026823997498,9.964696884155273,0.7071514129638672,1.5652302503585815,0.45178747177124023,1.8964440822601318,9,164.61993408203125,517.2973022460938,490.0096130371094,1749,830.96826171875,
0.49787914752960205,11.587299346923828,0.6638789176940918,1.4979230165481567,0.44319963455200195,2.0085196495056152,9,167.0015106201172,535.7152709960938,509.5467834472656,1799,860.9051513671875,
,,,,,,10,195.53741455078125,576.0817260742188,520.48486328125,1849,906.2943725585938,
0.503678560256958,15.928671836853027,0.985435962677002,3.13026762008667,0.31480884552001953,1.9853932857513428,10,173.1033477783203,556.7546997070312,489.809814453125,1899,854.7388305664062,
0.5155090093612671,9.107532501220703,0.6700282096862793,1.4620473384857178,0.4582808017730713,1.9398303031921387,10,162.49395751953125,477.4833068847656,489.47479248046875,1949,809.46337890625,
,,,,,,11,172.75613403320312,580.3568115234375,510.58245849609375,1999,887.138916015625,
,,,,,,11,,,,1999,,938.465087890625
0.4788035452365875,9.419504165649414,0.6015996932983398,1.9023211002349854,0.31624507904052734,2.0885393619537354,11,179.5142059326172,475.10845947265625,501.19927978515625,2049,828.5106201171875,
0.5183783173561096,10.193305969238281,0.6502363681793213,1.4534580707550049,0.4473719596862793,1.9290930032730103,11,179.31182861328125,452.9332275390625,503.9717712402344,2099,820.0942993164062,
0.4969216585159302,13.114864349365234,0.7059164047241211,1.608585238456726,0.4388430118560791,2.012389659881592,11,183.592041015625,496.57867431640625,484.74456787109375,2149,824.8299560546875,
,,,,,,12,162.8612060546875,500.181884765625,486.2453918457031,2199,817.7669067382812,
0.4966498911380768,17.572484970092773,1.1229538917541504,3.6051504611968994,0.31148600578308105,2.013490915298462,12,187.11083984375,489.06292724609375,477.49346923828125,2249,815.5803833007812,
0.5216915011405945,8.624259948730469,0.6290624141693115,1.3884663581848145,0.4530627727508545,1.916841745376587,12,184.4644775390625,549.4046630859375,501.23687744140625,2299,868.17138671875,
,,,,,,13,182.89181518554688,521.9988403320312,500.7149353027344,2349,853.1602172851562,
0.5049035549163818,12.579773902893066,0.6645424365997314,2.1163971424102783,0.3139970302581787,1.9805761575698853,13,157.7469482421875,432.1125183105469,469.4581298828125,2399,764.3878784179688,
0.5274658203125,9.685809135437012,0.6460742950439453,1.4361222982406616,0.4498741626739502,1.895857334136963,13,181.44493103027344,453.8670349121094,518.4619750976562,2449,836.117919921875,
0.5010849237442017,10.134064674377441,0.6439721584320068,1.434045672416687,0.44905972480773926,1.9956697225570679,13,172.28607177734375,457.9485168457031,468.9447021484375,2499,784.06201171875,
,,,,,,14,173.4129638671875,505.1623840332031,490.4300537109375,2549,829.7176513671875,
0.48941898345947266,9.927987098693848,0.5942540168762207,1.8828635215759277,0.3156118392944336,2.043239116668701,14,171.24942016601562,476.1265869140625,498.53936767578125,2599,822.2274169921875,
0.5025135278701782,7.896127223968506,0.5854997634887695,1.3085920810699463,0.44742727279663086,1.9899961948394775,14,163.22210693359375,434.15966796875,472.3848876953125,2649,771.0758056640625,
0.495228111743927,10.112910270690918,0.6533622741699219,1.4636003971099854,0.4464075565338135,2.0192716121673584,14,167.2946014404297,442.3338623046875,494.33319091796875,2699,799.1474609375,
,,,,,,15,189.13409423828125,517.2431640625,502.26031494140625,2749,855.448974609375,
0.5034078359603882,12.470490455627441,0.640986442565918,2.0556609630584717,0.3118152618408203,1.9864610433578491,15,173.526123046875,483.1260986328125,476.6417236328125,2799,804.9678344726562,
0.49925118684768677,8.05733585357666,0.6239099502563477,1.3945896625518799,0.44737887382507324,2.002999782562256,15,163.38629150390625,566.1220703125,497.175537109375,2849,861.9296875,
,,,,,,16,172.7270050048828,757.908203125,550.4954833984375,2899,1015.8130493164062,
0.515198826789856,21.681894302368164,1.3651320934295654,4.331564903259277,0.3151590824127197,1.9409981966018677,16,180.8045196533203,477.88226318359375,500.6639099121094,2949,830.00732421875,
0.4913330376148224,6.700737953186035,0.598621129989624,1.3511638641357422,0.4430410861968994,2.0352792739868164,16,176.86944580078125,439.65277099609375,497.85223388671875,2999,806.11328125,
0.48662328720092773,7.599245548248291,0.5833830833435059,1.3106111288070679,0.44512295722961426,2.0549776554107666,16,185.769287109375,522.5030517578125,486.542236328125,3049,840.6784057617188,
,,,,,,17,161.2864990234375,506.275390625,482.60150146484375,3099,816.3824462890625,
0.49668291211128235,10.074728965759277,0.6040003299713135,1.922358512878418,0.3141975402832031,2.013356924057007,17,187.77197265625,487.6829833984375,472.5166320800781,3149,810.244140625,
0.4956529140472412,7.700239181518555,0.6057496070861816,1.372641682624817,0.4413020610809326,2.01754093170166,17,184.32887268066406,452.4817810058594,484.8059997558594,3199,803.2113037109375,
,,,,,,18,184.3438720703125,486.091552734375,493.204833984375,3249,828.4225463867188,
0.5032646656036377,17.963218688964844,1.1700499057769775,3.5177643299102783,0.3326117992401123,1.9870262145996094,18,158.11953735351562,402.1111145019531,463.3232421875,3299,743.4385986328125,
0.4944566488265991,6.978478908538818,0.5916743278503418,1.322456955909729,0.4474053382873535,2.0224220752716064,18,178.64260864257812,466.3694763183594,515.3421630859375,3349,837.8482666015625,
0.47791871428489685,7.564074516296387,0.6057801246643066,1.3701902627944946,0.44211387634277344,2.0924060344696045,18,175.35983276367188,428.8856201171875,467.58160400390625,3399,769.704345703125,
,,,,,,19,173.1399688720703,491.2269592285156,487.9758605957031,3449,820.1593627929688,
0.503452718257904,10.602890968322754,0.6316545009613037,2.0222740173339844,0.3123486042022705,1.986283779144287,19,170.10455322265625,440.9129638671875,492.5494384765625,3499,798.0581665039062,
0.5046263337135315,7.859487056732178,0.6246333122253418,1.4140139818191528,0.4417448043823242,1.9816641807556152,19,161.83831787109375,394.5172424316406,465.6661682128906,3549,743.8439331054688,
0.4779222011566162,7.217017650604248,0.5849242210388184,1.314642310142517,0.4449303150177002,2.092390775680542,19,167.40267944335938,420.17022705078125,490.4794006347656,3599,784.2658081054688,
,,,,,,20,191.96136474609375,489.8545837402344,499.105712890625,3649,840.013671875,
0.5084465742111206,21.74637222290039,1.3872590065002441,4.407779216766357,0.3147296905517578,1.9667750597000122,20,170.70236206054688,450.12261962890625,468.753173828125,3699,779.1656494140625,
0.5046477913856506,8.017190933227539,0.6017320156097412,1.3628324270248413,0.4415304660797119,1.981580138206482,20,160.9059295654297,406.18048095703125,472.3196716308594,3749,755.8628540039062,
,,,,,,21,170.22752380371094,475.370849609375,490.85260009765625,3799,813.6517944335938,
0.4936537742614746,9.105488777160645,0.589055061340332,1.868077278137207,0.3153269290924072,2.0257112979888916,21,180.44200134277344,429.38165283203125,489.7818603515625,3849,794.6936645507812,
0.504024088382721,8.464591026306152,0.6537988185882568,1.4588027000427246,0.44817495346069336,1.9840322732925415,21,176.9632568359375,422.02197265625,491.8124694824219,3899,791.3050537109375,
0.47997093200683594,7.0438690185546875,0.579277515411377,1.299565315246582,0.44574713706970215,2.0834596157073975,21,182.32962036132812,467.17095947265625,475.0010986328125,3949,799.7513427734375,
,,,,,,22,163.22259521484375,460.0869445800781,479.06964111328125,3999,790.7244262695312,
,,,,,,22,,,,3999,,858.61572265625
0.49220308661460876,16.086843490600586,1.0834872722625732,3.488764524459839,0.3105647563934326,2.031681537628174,22,191.46372985839844,455.3624267578125,472.052001953125,4049,795.465087890625,
0.504846453666687,6.753398418426514,0.5848269462585449,1.3229397535324097,0.4420661926269531,1.9808002710342407,22,184.7599334716797,444.924072265625,482.24993896484375,4099,797.0919189453125,
,,,,,,23,181.28076171875,468.7601318359375,485.4477844238281,4149,810.4682006835938,
0.49470314383506775,10.089112281799316,0.6181602478027344,1.9869003295898438,0.31111788749694824,2.021414279937744,23,159.4046630859375,438.70159912109375,465.72052001953125,4199,764.7736206054688,
0.5066247582435608,8.212652206420898,0.6690337657928467,1.5192995071411133,0.4403567314147949,1.973847508430481,23,180.37652587890625,418.82232666015625,511.0709533691406,4249,810.67041015625,
0.4784010350704193,7.734020233154297,0.6025786399841309,1.3643203973770142,0.4416694641113281,2.090296506881714,23,173.89337158203125,424.5202331542969,464.57891845703125,4299,763.7857055664062,
,,,,,,24,174.91986083984375,484.483154296875,485.7017822265625,4349,815.4033203125,
0.4985659718513489,9.457375526428223,0.5893714427947998,1.835425853729248,0.3211088180541992,2.0057525634765625,24,170.95034790039062,410.378662109375,488.72296142578125,4399,779.387451171875,
0.5131713151931763,8.26378345489502,0.630927324295044,1.4135732650756836,0.4463350772857666,1.948667049407959,24,163.60000610351562,394.08642578125,464.893798828125,4449,743.7369995117188,
0.4758904278278351,5.774011135101318,0.5591723918914795,1.269170880317688,0.4405808448791504,2.1013240814208984,24,165.5829620361328,406.64013671875,486.7903137207031,4499,772.90185546875,
,,,,,,25,190.07806396484375,531.7491455078125,507.3270263671875,4549,868.2406005859375,
0.4911028742790222,10.11902141571045,0.6594033241271973,2.137824773788452,0.30844593048095703,2.0362331867218018,25,170.58206176757812,441.9324951171875,466.73614501953125,4599,772.9934692382812,
0.5043555498123169,7.393566131591797,0.619304895401001,1.3850624561309814,0.4471313953399658,1.982728123664856,25,162.38809204101562,393.6103515625,471.453125,4649,749.452392578125,
,,,,,,26,173.4765625,466.1465148925781,493.2757568359375,4699,813.0872802734375,
0.4972122609615326,20.16642189025879,1.2846848964691162,4.005720615386963,0.3207125663757324,2.011213541030884,26,182.18760681152344,416.7249450683594,488.40338134765625,4749,787.8596801757812,
0.49636104702949524,7.1886210441589355,0.5636386871337891,1.2883703708648682,0.4374818801879883,2.014662504196167,26,177.77532958984375,411.43609619140625,492.92071533203125,4799,787.5264282226562,
0.472044438123703,5.816848278045654,0.5440542697906494,1.2280418872833252,0.4430258274078369,2.1184446811676025,26,183.97817993164062,507.43414306640625,481.05987548828125,4849,826.7659912109375,
,,,,,,27,159.4316864013672,482.160888671875,477.37738037109375,4899,798.1737060546875,
0.4951014518737793,10.249746322631836,0.6275608539581299,1.9737306833267212,0.31795668601989746,2.0197880268096924,27,188.03125,441.4918212890625,468.0821838378906,4949,782.84375,
0.49684369564056396,6.869634628295898,0.5649814605712891,1.2800713777542114,0.44136714935302734,2.0127053260803223,27,183.728515625,434.2760009765625,480.08758544921875,4999,789.08984375,
,,,,,,28,180.30447387695312,453.85906982421875,482.7040100097656,5049,799.7857666015625,
0.5067498683929443,18.68773651123047,1.23602294921875,3.7999801635742188,0.3252708911895752,1.9733601808547974,28,157.3327178955078,382.0661926269531,457.9576110839844,5099,727.6571044921875,
0.5003626942634583,9.142990112304688,0.6485865116119385,1.4801539182662964,0.4381885528564453,1.9985501766204834,28,181.2405548095703,415.97955322265625,511.1310119628906,5149,809.7410888671875,
0.47297459840774536,5.859820365905762,0.5359830856323242,1.2110826969146729,0.4425652027130127,2.114278554916382,28,173.57571411132812,416.688232421875,463.0688171386719,5199,758.2008056640625,
,,,,,,29,173.4928436279297,457.0339660644531,482.19415283203125,5249,797.4576416015625,
0.49549248814582825,9.263124465942383,0.5951263904571533,1.8886808156967163,0.31510162353515625,2.0181941986083984,29,168.99087524414062,384.7862243652344,481.94207763671875,5299,758.8306274414062,
0.5008109211921692,8.070658683776855,0.6223657131195068,1.4039266109466553,0.44330358505249023,1.9967615604400635,29,163.15626525878906,377.7239685058594,463.71795654296875,5349,734.1580810546875,
0.47730350494384766,7.147253036499023,0.5745608806610107,1.3031508922576904,0.4409012794494629,2.0951030254364014,29,168.06434631347656,401.9753112792969,486.89227294921875,5399,771.9121704101562,
,,,,,,30,194.22930908203125,471.08013916015625,498.8829345703125,5449,831.5377197265625,
0.5022526979446411,20.62364959716797,1.3319482803344727,4.056968688964844,0.3283112049102783,1.9910297393798828,30,173.96511840820312,439.848876953125,468.42535400390625,5499,775.3323364257812,
0.5077860355377197,8.615330696105957,0.6227495670318604,1.396125316619873,0.44605565071105957,1.9693334102630615,30,161.89761352539062,384.2950134277344,471.862060546875,5549,744.9583740234375,
,,,,,,31,171.2473602294922,464.95269775390625,488.9787902832031,5599,807.0787963867188,
0.48770496249198914,9.396562576293945,0.624025821685791,1.9831159114837646,0.3146693706512451,2.050420045852661,31,180.6331787109375,423.3122253417969,488.5679626464844,5649,790.5406494140625,
0.5008070468902588,7.773713111877441,0.6140811443328857,1.3897147178649902,0.441875696182251,1.996777057647705,31,175.8424530029297,415.7957763671875,489.8116455078125,5699,785.6307983398438,
0.48381853103637695,6.539555549621582,0.5662534236907959,1.2653950452804565,0.4474914073944092,2.0668907165527344,31,182.85577392578125,452.32989501953125,471.1156921386719,5749,788.70849609375,
,,,,,,32,159.0043182373047,444.3663330078125,472.53778076171875,5799,774.22314453125,
0.5034875869750977,18.12605094909668,1.199444055557251,3.8807077407836914,0.3090786933898926,1.986146330833435,32,185.88644409179688,435.51898193359375,463.50311279296875,5849,774.205810546875,
0.49228617548942566,6.815345287322998,0.5720996856689453,1.305630087852478,0.43817901611328125,2.031338691711426,32,184.78591918945312,409.6036376953125,476.23455810546875,5899,773.4293212890625,
,,,,,,33,179.82748413085938,557.1533813476562,495.4615783691406,5949,863.9520263671875,
0.5032332539558411,10.32724666595459,0.6306354999542236,2.039999008178711,0.30913519859313965,1.987149953842163,33,158.42898559570312,381.9808654785156,459.8123474121094,5999,730.0172729492188,
,,,,,,33,,,,5999,,854.7838134765625
0.487460196018219,7.471468925476074,0.5761642456054688,1.2997337579727173,0.44329404830932617,2.0514495372772217,33,180.2188720703125,414.52972412109375,510.2489318847656,6049,807.6231689453125,
0.48847004771232605,9.355368614196777,0.6166722774505615,1.4013917446136475,0.44004273414611816,2.047208309173584,33,174.5603485107422,420.4345703125,463.17279052734375,6099,760.6702270507812,
,,,,,,34,173.41522216796875,449.5638427734375,479.2922668457031,6149,790.7818603515625,
0.5002569556236267,18.111528396606445,1.1587085723876953,3.7264211177825928,0.3109440803527832,1.998972773551941,34,168.92343139648438,393.3262023925781,482.18408203125,6199,763.3089599609375,
0.5021647214889526,8.246149063110352,0.6022498607635498,1.3721421957015991,0.43891215324401855,1.9913783073425293,34,160.78128051757812,393.4787292480469,463.53948974609375,6249,740.6694946289062,
0.4810994863510132,7.531493186950684,0.5837020874023438,1.3107877969741821,0.44530630111694336,2.0785720348358154,34,162.72332763671875,375.1281433105469,477.8494567871094,6299,746.7752075195312,
,,,,,,35,192.9028778076172,462.147705078125,494.7963562011719,6349,822.3216552734375,
0.48950421810150146,8.473272323608398,0.5681476593017578,1.806967854499817,0.3144204616546631,2.0428831577301025,35,175.53060913085938,424.95111083984375,467.0382080078125,6399,767.279052734375,
0.5026609897613525,7.532852649688721,0.5896034240722656,1.3195525407791138,0.4468207359313965,1.9894124269485474,35,160.80194091796875,386.1002197265625,469.647216796875,6449,743.0983276367188,
,,,,,,36,171.80978393554688,460.3472595214844,491.72198486328125,6499,807.800537109375,
0.5109308362007141,20.605728149414062,1.3205082416534424,3.9935402870178223,0.3306610584259033,1.957212209701538,36,178.12850952148438,393.8908386230469,482.44573974609375,6549,768.4554443359375,
0.48897790908813477,6.320774078369141,0.5742843151092529,1.2966073751449585,0.4429130554199219,2.0450820922851562,36,179.14230346679688,389.52874755859375,488.8299255371094,6599,773.1654052734375,
0.4844677448272705,8.319600105285645,0.6213910579681396,1.387845516204834,0.4477379322052002,2.0641207695007324,36,183.24893188476562,441.2391052246094,472.0010986328125,6649,784.2451171875,
,,,,,,37,162.23033142089844,430.7232666015625,472.9131774902344,6699,769.3900146484375,
0.49048882722854614,8.339776992797852,0.5767033100128174,1.8348883390426636,0.3142988681793213,2.0387823581695557,37,187.81930541992188,493.65020751953125,473.4233093261719,6749,814.1580810546875,
0.49866414070129395,8.001529693603516,0.6101210117340088,1.3909368515014648,0.4386403560638428,2.0053577423095703,37,185.5765838623047,415.91058349609375,478.85943603515625,6799,779.60302734375,
,,,,,,38,180.6184844970703,441.1397705078125,481.3055725097656,6849,792.1846923828125,
0.49832576513290405,16.672008514404297,1.1421387195587158,3.5367960929870605,0.32293033599853516,2.0067195892333984,38,157.39532470703125,379.967529296875,457.60784912109375,6899,726.2892456054688,
0.49581459164619446,8.204811096191406,0.6197049617767334,1.4231147766113281,0.4354567527770996,2.01688289642334,38,177.216552734375,395.57940673828125,503.8472900390625,6949,790.2452392578125,
0.478745698928833,7.165612697601318,0.5766639709472656,1.3075828552246094,0.44101524353027344,2.088791608810425,38,174.83932495117188,445.385009765625,464.9368591308594,6999,775.049072265625,
,,,,,,39,174.80445861816406,442.6604919433594,479.5245056152344,7049,788.2569580078125,
0.4955494701862335,9.084748268127441,0.6173708438873291,1.8598405122756958,0.33194828033447266,2.0179619789123535,39,170.81417846679688,397.4337158203125,484.867919921875,7099,768.9918212890625,
0.4980165362358093,8.313188552856445,0.6074254512786865,1.364974856376648,0.4450085163116455,2.007965326309204,39,161.70401000976562,366.60565185546875,460.1954345703125,7149,724.3502807617188,
0.4726489782333374,6.8440327644348145,0.5904626846313477,1.3589683771133423,0.4344933032989502,2.1157350540161133,39,166.33258056640625,386.34881591796875,484.5430603027344,7199,760.8837890625,
,,,,,,40,193.44064331054688,454.99224853515625,494.9593200683594,7249,819.17578125,
0.5062083005905151,15.486631393432617,1.0326635837554932,3.1535558700561523,0.32746005058288574,1.9754713773727417,40,174.69166564941406,415.9258728027344,465.73822021484375,7299,761.0469970703125,
0.4852199852466583,7.321383476257324,0.5879755020141602,1.319983720779419,0.44544148445129395,2.0609209537506104,40,159.88314819335938,370.8795166015625,466.35247802734375,7349,731.73388671875,
,,,,,,41,172.8734130859375,451.29742431640625,489.59991455078125,7399,801.685302734375,
0.49685704708099365,9.673426628112793,0.600548267364502,1.866439938545227,0.3217613697052002,2.0126514434814453,41,176.59039306640625,389.989501953125,478.8191223144531,7449,762.1090087890625,
0.48745855689048767,7.141026020050049,0.5567636489868164,1.2692238092422485,0.43866467475891113,2.0514564514160156,41,175.8921356201172,380.1138000488281,485.17315673828125,7499,763.1761474609375,
0.47353842854499817,6.815179347991943,0.5866022109985352,1.3494747877120972,0.4346892833709717,2.1117610931396484,41,186.8184051513672,439.7828674316406,472.8795166015625,7549,786.18017578125,
,,,,,,42,162.28713989257812,428.72271728515625,472.0451354980469,7599,767.550048828125,
0.5006035566329956,15.920804023742676,1.0816717147827148,3.383989095687866,0.3196439743041992,1.9975887537002563,42,187.6784210205078,429.3629150390625,462.800048828125,7649,771.3206787109375,
0.4833602011203766,7.541380882263184,0.6168839931488037,1.4053007364273071,0.43896937370300293,2.068850517272949,42,184.69476318359375,427.6832275390625,478.03662109375,7699,784.2255859375,
,,,,,,43,179.7628173828125,431.71685791015625,479.5935363769531,7749,785.3333740234375,
0.4952564835548401,9.52663803100586,0.6441984176635742,2.02315354347229,0.31841301918029785,2.019155740737915,43,157.53041076660156,367.3828125,455.5202941894531,7799,717.9769287109375,
0.5042720437049866,8.629782676696777,0.6133906841278076,1.3791592121124268,0.44475698471069336,1.9830565452575684,43,178.83648681640625,399.500732421875,505.30767822265625,7849,794.476318359375,
0.4770530164241791,8.726503372192383,0.6259057521820068,1.4348218441009521,0.43622541427612305,2.096203088760376,43,174.4397430419922,401.1888427734375,461.36944580078125,7899,749.1837768554688,
,,,,,,44,173.30859375,428.74615478515625,477.0473327636719,7949,778.07470703125,
0.5093122720718384,15.71976089477539,1.0722594261169434,3.165395975112915,0.3387441635131836,1.96343195438385,44,169.42404174804688,392.275390625,482.6073303222656,7999,763.45703125,
,,,,,,44,,,,7999,,854.444580078125
0.4941934049129486,9.218050956726074,0.6151351928710938,1.3977457284927368,0.4400908946990967,2.0234992504119873,44,161.94903564453125,365.99005126953125,460.90777587890625,8049,724.8773193359375,
0.4758319556713104,8.17092227935791,0.577967643737793,1.324947714805603,0.4362192153930664,2.1015822887420654,44,166.319580078125,370.2892761230469,481.0112609863281,8099,749.315673828125,
,,,,,,45,190.2976531982422,440.933349609375,491.71075439453125,8149,807.3262329101562,
0.49537724256515503,9.317109107971191,0.58396315574646,1.7890738248825073,0.32640528678894043,2.0186636447906494,45,171.11741638183594,442.301025390625,464.13775634765625,8199,770.8469848632812,
0.4920985698699951,7.398149490356445,0.5787322521209717,1.3161290884017944,0.43972301483154297,2.0321130752563477,45,162.3037872314453,373.55291748046875,468.1121826171875,8249,736.04052734375,
,,,,,,46,170.68563842773438,448.8895263671875,488.92254638671875,8299,798.7101440429688,
0.4936027526855469,8.738929748535156,0.6002223491668701,1.804679274559021,0.332592248916626,2.0259206295013428,46,180.479736328125,386.94921875,481.3315734863281,8349,765.0460815429688,
0.5002357363700867,8.506209373474121,0.6225519180297852,1.4054147005081177,0.4429666996002197,1.999057412147522,46,174.69869995117188,377.63665771484375,482.0325927734375,8399,758.2003173828125,
0.4827917814254761,6.858124732971191,0.5741076469421387,1.3105969429016113,0.4380505084991455,2.071286201477051,46,181.15065002441406,429.6988220214844,468.5257568359375,8449,773.9505615234375,
,,,,,,47,160.49197387695312,436.1627502441406,472.91290283203125,8499,771.240234375,
0.49565815925598145,8.665091514587402,0.6338272094726562,1.8068171739578247,0.3507976531982422,2.017519474029541,47,187.3347625732422,421.3819580078125,462.893310546875,8549,767.2516479492188,
0.49738115072250366,7.902709007263184,0.6189172267913818,1.4019019603729248,0.4414839744567871,2.010530471801758,47,186.03173828125,398.633056640625,475.53765869140625,8599,767.8701171875,
,,,,,,48,181.77920532226562,424.88470458984375,480.85308837890625,8649,784.18505859375,
0.5039855241775513,17.432147979736328,1.1528546810150146,3.376722812652588,0.3414123058319092,1.9841840267181396,48,156.48704528808594,367.15020751953125,454.92169189453125,8699,716.7403564453125,
0.4924662411212921,7.899334907531738,0.5697641372680664,1.3086724281311035,0.4353756904602051,2.0305960178375244,48,181.41543579101562,394.5475158691406,507.62677001953125,8749,795.6082763671875,
0.47455862164497375,7.397778034210205,0.5657706260681152,1.2763917446136475,0.44325780868530273,2.1072211265563965,48,173.44654846191406,390.2503356933594,457.9771728515625,8799,739.8255615234375,
,,,,,,49,171.36813354492188,428.63018798828125,473.3668212890625,8849,773.365966796875,
0.4916320741176605,8.93206787109375,0.5982468128204346,1.873515248298645,0.3193178176879883,2.034041404724121,49,169.3918914794922,373.3958740234375,479.9822998046875,8899,751.376220703125,
0.507204532623291,7.668556213378906,0.5837204456329346,1.3155546188354492,0.443706750869751,1.9715911149978638,49,163.37911987304688,363.7850036621094,460.85015869140625,8949,724.4321899414062,
0.4777909219264984,6.202825546264648,0.5718545913696289,1.2988831996917725,0.44026637077331543,2.092965602874756,49,167.150390625,359.04296875,481.1213073730469,8999,744.2178955078125,
,,,,,,50,192.18707275390625,444.77301025390625,493.569091796875,9049,812.0491943359375,
0.5056046843528748,11.305680274963379,0.6598238945007324,2.0734405517578125,0.31822657585144043,1.9778298139572144,50,172.59774780273438,411.2397766113281,463.0125732421875,9099,754.9313354492188,
0.4952842593193054,7.338687419891357,0.5699052810668945,1.3125040531158447,0.43421220779418945,2.019042491912842,50,162.75205993652344,365.2939453125,467.80828857421875,9149,731.831298828125,
,,,,,,51,171.90945434570312,439.3751220703125,486.80194091796875,9199,792.4442749023438,
0.4915405511856079,8.518742561340332,0.5804059505462646,1.786792278289795,0.3248312473297119,2.0344200134277344,51,181.0315399169922,419.99566650390625,487.7984619140625,9249,788.3120727539062,
0.4869126081466675,7.059514999389648,0.6069386005401611,1.3912489414215088,0.43625450134277344,2.0537567138671875,51,178.0930633544922,382.883056640625,485.76043701171875,9299,766.2484741210938,
0.47180989384651184,6.292675495147705,0.5700023174285889,1.306345820426941,0.43633341789245605,2.119497776031494,51,182.9029541015625,430.324462890625,468.9300842285156,9349,775.5437622070312,
,,,,,,52,161.52029418945312,418.3868103027344,471.37615966796875,9399,761.3297119140625,
0.506007730960846,26.59583854675293,1.6234359741210938,5.100099563598633,0.3183145523071289,1.9762544631958008,52,184.43203735351562,426.4525451660156,459.040771484375,9449,764.4830932617188,
0.4904880225658417,7.015024185180664,0.5780947208404541,1.302077293395996,0.44397878646850586,2.038785696029663,52,185.24996948242188,402.61688232421875,474.07843017578125,9499,768.0119018554688,
,,,,,,53,178.67579650878906,422.95068359375,475.20947265625,9549,776.022705078125,
0.4874947965145111,8.13692855834961,0.5885517597198486,1.7398203611373901,0.33828306198120117,2.0513041019439697,53,158.62994384765625,360.1949462890625,455.77935791015625,9599,715.1917724609375,
0.5021275877952576,8.122550010681152,0.6055641174316406,1.3602696657180786,0.44517946243286133,1.991525650024414,53,179.35379028320312,387.849365234375,502.09368896484375,9649,785.6952514648438,
0.48384371399879456,7.7100677490234375,0.5911915302276611,1.3174443244934082,0.44874119758605957,2.0667831897735596,53,174.35171508789062,387.60968017578125,457.5895080566406,9699,738.5701904296875,
,,,,,,54,173.63455200195312,427.9902038574219,475.68927001953125,9749,776.5016479492188,
0.5076410174369812,18.869823455810547,1.2542965412139893,3.752455234527588,0.3342602252960205,1.9698959589004517,54,169.40855407714844,378.11407470703125,481.01324462890625,9799,754.7745361328125,
0.48548319935798645,6.389301300048828,0.5543832778930664,1.273982286453247,0.43515777587890625,2.0598034858703613,54,161.7024688720703,359.84075927734375,460.3144226074219,9849,721.0860595703125,
0.4712717533111572,5.961858749389648,0.5616967678070068,1.2722994089126587,0.4414815902709961,2.121917963027954,54,166.58514404296875,359.2929382324219,479.6789855957031,9899,742.6180419921875,
,,,,,,55,191.3874053955078,440.6417236328125,491.4371337890625,9949,807.45166015625,
0.49018290638923645,8.287967681884766,0.588606595993042,1.7670246362686157,0.33310604095458984,2.0400547981262207,55,173.81878662109375,404.85028076171875,462.8294677734375,9999,752.1640625,
,,,,,,55,,,,9999,,842.0535278320312
0.48429322242736816,7.304906368255615,0.594036340713501,1.3555339574813843,0.4382305145263672,2.0648646354675293,55,160.68719482421875,363.107177734375,466.00299072265625,10049,727.900146484375,
,,,,,,56,171.4783935546875,430.56109619140625,484.86810302734375,10099,785.887939453125,
0.4939418435096741,15.868969917297363,1.0559561252593994,3.3829259872436523,0.31214284896850586,2.0245299339294434,56,178.43756103515625,384.19329833984375,478.49041748046875,10149,759.805908203125,
0.4749765694141388,6.09358549118042,0.5375261306762695,1.2408188581466675,0.43320274353027344,2.1053669452667236,56,180.68551635742188,379.79486083984375,487.53765869140625,10199,767.77783203125,
0.4772064685821533,6.70158052444458,0.574812650680542,1.308225393295288,0.43938350677490234,2.095529079437256,56,184.0979461669922,424.7213439941406,468.5740051269531,10249,772.983642578125,
,,,,,,57,159.04803466796875,446.6900939941406,471.7064514160156,10299,774.5755615234375,
0.49266135692596436,8.953743934631348,0.5824620723724365,1.7518812417984009,0.33247804641723633,2.029791831970215,57,189.52969360351562,417.52691650390625,462.7978820800781,10349,766.3262329101562,
0.48766013979911804,6.774870872497559,0.597038984298706,1.361770749092102,0.4384284019470215,2.0506083965301514,57,185.24478149414062,402.19586181640625,474.5995178222656,10399,768.31982421875,
,,,,,,58,180.61627197265625,413.854248046875,475.5960388183594,10449,772.831298828125,
0.4992824196815491,15.86260986328125,1.0603301525115967,3.2530155181884766,0.32595300674438477,2.0028743743896484,58,157.64468383789062,357.54132080078125,454.1292419433594,10499,711.7222290039062,
0.47554096579551697,6.84274959564209,0.5701918601989746,1.3121027946472168,0.43456339836120605,2.1028683185577393,58,177.21141052246094,384.5740051269531,501.97296142578125,10549,782.86572265625,
0.4733220636844635,6.835921764373779,0.6012976169586182,1.3657491207122803,0.44026947021484375,2.1127262115478516,58,174.73907470703125,391.514892578125,459.0322265625,10599,742.1592407226562,
,,,,,,59,170.20489501953125,415.0289001464844,471.29931640625,10649,763.916259765625,
0.5017038583755493,10.432220458984375,0.6346738338470459,2.003244161605835,0.31682300567626953,1.9932078123092651,59,169.66380310058594,374.63360595703125,480.4207458496094,10699,752.5694580078125,
0.48497170209884644,6.860881328582764,0.5532135963439941,1.2667068243026733,0.4367337226867676,2.0619759559631348,59,160.74156188964844,354.614013671875,458.26641845703125,10749,715.9442138671875,
0.4743129312992096,5.8710713386535645,0.5661535263061523,1.2868504524230957,0.4399528503417969,2.1083128452301025,59,165.35061645507812,367.71258544921875,478.31524658203125,10799,744.8468017578125,
,,,,,,60,190.27781677246094,439.44158935546875,488.53369140625,10849,803.3933715820312,
0.4897041320800781,8.883957862854004,0.5822548866271973,1.7864108085632324,0.32593560218811035,2.0420494079589844,60,172.83981323242188,403.94110107421875,460.3198547363281,10899,748.7103271484375,
0.48059242963790894,6.41455078125,0.5493719577789307,1.2538999319076538,0.43813061714172363,2.0807652473449707,60,161.87924194335938,355.5043029785156,464.70208740234375,10949,723.3938598632812,
,,,,,,61,170.469482421875,429.4261474609375,484.549072265625,10999,784.496826171875,
0.5040221810340881,9.573720932006836,0.608443021774292,1.8524773120880127,0.3284482955932617,1.9840396642684937,61,180.4254608154297,386.64422607421875,482.339111328125,11049,765.8739013671875,
0.4800264835357666,6.89107084274292,0.5626769065856934,1.294742226600647,0.4345860481262207,2.0832183361053467,61,178.37069702148438,376.4106750488281,484.8799133300781,11099,762.2706298828125,
0.47515371441841125,6.752421855926514,0.5962860584259033,1.3625675439834595,0.4376194477081299,2.1045820713043213,61,183.0206298828125,420.1639404296875,466.801513671875,11149,768.393798828125,
,,,,,,62,160.5895233154297,409.61712646484375,468.31634521484375,11199,753.419677734375,
0.5173964500427246,17.991207122802734,1.190615177154541,3.6980772018432617,0.32195520401000977,1.9327538013458252,62,188.7545928955078,416.92193603515625,461.5335693359375,11249,764.371826171875,
0.4745560884475708,5.919219017028809,0.5533556938171387,1.2683422565460205,0.4362826347351074,2.1072323322296143,62,182.80592346191406,399.55792236328125,471.9443664550781,11299,763.1263427734375,
,,,,,,63,180.64996337890625,418.37255859375,476.8882141113281,11349,776.3994140625,
0.5032707452774048,9.965479850769043,0.6078507900238037,1.8672319650650024,0.32553577423095703,1.9870021343231201,63,156.58816528320312,361.96502685546875,453.66339111328125,11399,712.93994140625,
0.4788311719894409,7.361911296844482,0.6305813789367676,1.4463006258010864,0.43599605560302734,2.08841872215271,63,179.91708374023438,382.21624755859375,502.9395751953125,11449,784.0062255859375,
0.4748687744140625,6.718258380889893,0.5808095932006836,1.3401246070861816,0.43339967727661133,2.1058449745178223,63,173.70823669433594,389.2955627441406,459.0736389160156,11499,740.5755004882812,
,,,,,,64,172.74337768554688,429.109375,474.35809326171875,11549,775.2845458984375,
0.4985213577747345,9.233479499816895,0.5916385650634766,1.747739315032959,0.3385164737701416,2.005932092666626,64,169.1625518798828,364.575439453125,477.9393310546875,11599,744.808349609375,
0.4802274703979492,6.418928623199463,0.5769815444946289,1.325869083404541,0.43517231941223145,2.0823466777801514,64,162.7977294921875,354.7046813964844,460.4010009765625,11649,719.1521606445312,
0.47889450192451477,5.9836106300354,0.5481610298156738,1.2460417747497559,0.43992185592651367,2.0881426334381104,64,164.56492614746094,359.97821044921875,475.5635070800781,11699,737.8350830078125,
,,,,,,65,193.19715881347656,437.9588623046875,491.57073974609375,11749,807.1487426757812,
0.5079110264778137,10.650708198547363,0.6344237327575684,1.9176862239837646,0.3308277130126953,1.968848705291748,65,173.25160217285156,400.47027587890625,460.941162109375,11799,747.8021240234375,
0.48954111337661743,7.868372440338135,0.5878274440765381,1.3511351346969604,0.4350619316101074,2.042729377746582,65,161.01712036132812,347.41473388671875,464.57073974609375,11849,718.78662109375,
,,,,,,66,170.76199340820312,425.2633056640625,483.9087829589844,11899,781.9214477539062,
0.5079251527786255,17.8162784576416,1.1650211811065674,3.6985771656036377,0.31499171257019043,1.9687939882278442,66,179.099609375,375.2174072265625,475.03460693359375,11949,752.1931762695312,
0.4948686957359314,7.982039451599121,0.6159310340881348,1.417775273323059,0.4344348907470703,2.020738124847412,66,176.71006774902344,373.09130859375,483.7081298828125,11999,758.6088256835938,
,,,,,,66,,,,11999,,841.7179565429688
0.469795823097229,6.0026469230651855,0.5657498836517334,1.2837082147598267,0.44071531295776367,2.128584384918213,66,182.84629821777344,418.8736267089844,466.0306701660156,12049,766.890625,
,,,,,,67,161.97601318359375,415.26739501953125,469.8600158691406,12099,758.481689453125,
0.4955010712146759,10.790755271911621,0.6435973644256592,2.0771560668945312,0.3098454475402832,2.0181591510772705,67,187.5362548828125,417.5475158691406,461.81732177734375,12149,764.3592529296875,
0.4809316098690033,7.598720550537109,0.5757384300231934,1.3192627429962158,0.43640923500061035,2.0792977809906006,67,184.28695678710938,392.9921875,471.7625427246094,12199,760.402099609375,
,,,,,,68,178.91751098632812,412.38397216796875,475.36846923828125,12249,771.0192260742188,
0.5077055096626282,20.168230056762695,1.297724962234497,3.9042789936065674,0.3323853015899658,1.9696457386016846,68,156.92840576171875,346.39349365234375,451.4259033203125,12299,703.0868530273438,
0.49306800961494446,7.359297275543213,0.6033859252929688,1.3798460960388184,0.4372849464416504,2.0281176567077637,68,179.44161987304688,386.0244445800781,505.5356140136719,12349,788.2686157226562,
0.46755555272102356,5.9960150718688965,0.5796606540679932,1.3192590475082397,0.43938350677490234,2.1387832164764404,68,175.452880859375,389.6828918457031,456.58563232421875,12399,739.1535034179688,
,,,,,,69,171.20077514648438,420.32769775390625,472.177490234375,12449,767.9417724609375,
0.5082662105560303,11.479934692382812,0.6327428817749023,2.0503361225128174,0.30860447883605957,1.9674729108810425,69,169.77273559570312,364.2535400390625,478.87896728515625,12499,745.89208984375,
0.49820980429649353,8.471944808959961,0.6005096435546875,1.3731105327606201,0.4373352527618408,2.0071866512298584,69,160.0054931640625,353.1152038574219,454.7308654785156,12549,711.2911987304688,
0.4799862802028656,6.11992073059082,0.5479850769042969,1.2483433485031128,0.43896985054016113,2.083392858505249,69,168.10662841796875,353.82196044921875,480.1086120605469,12599,741.072998046875,
,,,,,,70,190.784423828125,435.64007568359375,489.8650817871094,12649,803.0773315429688,
0.5096826553344727,19.39666175842285,1.2408013343811035,4.0019917488098145,0.3100459575653076,1.9620050191879272,70,172.072998046875,401.8082275390625,459.80731201171875,12699,746.7479248046875,
0.48920509219169617,6.011178016662598,0.5651569366455078,1.271097183227539,0.44462132453918457,2.0441324710845947,70,162.2774658203125,350.9134826660156,466.00360107421875,12749,722.59912109375,
,,,,,,71,175.105712890625,432.04034423828125,487.25244140625,12799,790.825439453125,
0.49260416626930237,9.859711647033691,0.6000158786773682,1.912300705909729,0.3137664794921875,2.030027389526367,71,182.45770263671875,381.6727294921875,481.13311767578125,12849,763.1983642578125,
0.4953455626964569,6.83379602432251,0.5585298538208008,1.2672934532165527,0.44072651863098145,2.0187926292419434,71,177.44189453125,369.0743408203125,483.8059997558594,12899,757.0641479492188,
0.4711088240146637,5.664872646331787,0.546227216720581,1.2380268573760986,0.4412078857421875,2.1226518154144287,71,182.26356506347656,416.0897216796875,466.38897705078125,12949,765.5656127929688,
,,,,,,72,160.29244995117188,402.41937255859375,468.1622314453125,12999,749.5181884765625,
0.5146816372871399,17.39484214782715,1.122331142425537,3.6174051761627197,0.3102586269378662,1.9429486989974976,72,186.9443817138672,406.4049987792969,458.6168212890625,13049,755.29150390625,
0.5049400329589844,7.407564640045166,0.5988061428070068,1.3293209075927734,0.45046019554138184,1.9804332256317139,72,182.60171508789062,388.81005859375,470.2868957519531,13099,755.9927978515625,
,,,,,,73,177.71353149414062,413.8770751953125,471.890625,13149,767.6859741210938,
0.49944284558296204,10.117217063903809,0.6099052429199219,1.961143970489502,0.31099462509155273,2.0022311210632324,73,157.99960327148438,350.50543212890625,454.37994384765625,13199,708.6324462890625,
0.5038692951202393,8.441023826599121,0.6189699172973633,1.3844977617263794,0.44707179069519043,1.9846415519714355,73,180.67987060546875,376.97869873046875,502.7375793457031,13249,781.56689453125,
0.4838985204696655,8.597732543945312,0.6882271766662598,1.5602397918701172,0.441103458404541,2.066549062728882,73,171.211181640625,382.463623046875,454.63507080078125,13299,731.4724731445312,
,,,,,,74,174.3802490234375,420.34002685546875,474.9097900390625,13349,772.2698974609375,
0.5040743947029114,16.30249786376953,1.0941581726074219,3.4185826778411865,0.32006192207336426,1.9838340282440186,74,170.3179168701172,363.7142333984375,479.323486328125,13399,746.339599609375,
0.4924659729003906,6.99234676361084,0.5993824005126953,1.3468642234802246,0.4450206756591797,2.03059720993042,74,164.27272033691406,350.029541015625,457.46490478515625,13449,714.6160888671875,
0.4693981111049652,6.85255765914917,0.5537111759185791,1.2620238065719604,0.4387485980987549,2.130387783050537,74,165.1245574951172,350.38507080078125,477.27496337890625,13499,735.0298461914062,
,,,,,,75,192.7642822265625,430.97998046875,489.4437255859375,13549,801.3158569335938,
0.49631255865097046,11.466150283813477,0.6314551830291748,2.043386459350586,0.3090238571166992,2.014859437942505,75,172.79307556152344,405.05859375,459.8537292480469,13599,748.779541015625,
0.5027821063995361,8.166184425354004,0.6178035736083984,1.3986127376556396,0.4417259693145752,1.9889332056045532,75,160.96900939941406,354.9991455078125,463.74334716796875,13649,721.7274169921875,
,,,,,,76,170.91424560546875,424.95416259765625,483.03436279296875,13699,780.9685668945312,
0.5055097937583923,15.97736930847168,1.0163779258728027,3.293401002883911,0.3086104393005371,1.978201150894165,76,177.17771911621094,369.6920471191406,475.22576904296875,13749,748.66064453125,
0.49536964297294617,8.095587730407715,0.6200494766235352,1.4096447229385376,0.4398622512817383,2.0186946392059326,76,176.47457885742188,364.5506286621094,485.9600830078125,13799,756.47265625,
0.48264583945274353,6.77467155456543,0.5757665634155273,1.3129626512527466,0.4385247230529785,2.0719127655029297,76,183.077880859375,416.1776123046875,465.4255065917969,13849,765.05322265625,
,,,,,,77,160.19967651367188,406.484130859375,468.8276672363281,13899,752.1695556640625,
0.499217689037323,11.242676734924316,0.6308283805847168,2.001390218734741,0.31519508361816406,2.003134250640869,77,187.74081420898438,408.8511962890625,459.5804748535156,13949,757.87646484375,
0.49270209670066833,7.579352378845215,0.579883337020874,1.3158438205718994,0.4406931400299072,2.0296239852905273,77,182.6588134765625,390.77264404296875,470.140625,13999,756.8563842773438,
,,,,,,77,,,,13999,,842.3229370117188
,,,,,,78,180.13226318359375,408.11614990234375,476.5296936035156,14049,770.6539306640625,
0.5068201422691345,19.830846786499023,1.2583932876586914,4.0278849601745605,0.3124203681945801,1.9730864763259888,78,158.55038452148438,351.43988037109375,453.808349609375,14099,708.8035278320312,
0.49448174238204956,6.519947052001953,0.5814385414123535,1.3104068040847778,0.4437084197998047,2.0223193168640137,78,178.0615692138672,370.9333801269531,501.04473876953125,14149,775.542236328125,
0.4906129837036133,10.727328300476074,0.7401823997497559,1.6635828018188477,0.4449326992034912,2.03826642036438,78,175.19573974609375,379.4198913574219,456.8953552246094,14199,734.203125,
,,,,,,79,172.78652954101562,416.3249816894531,471.68157958984375,14249,766.2374267578125,
0.4921528100967407,9.657108306884766,0.5873739719390869,1.883326768875122,0.31188106536865234,2.0318892002105713,79,170.93792724609375,366.283447265625,481.04559326171875,14299,749.65625,
0.5139832496643066,8.657626152038574,0.6349375247955322,1.4136685132980347,0.4491417407989502,1.9455885887145996,79,162.6903076171875,354.8475646972656,457.69647216796875,14349,716.4654541015625,
0.47783344984054565,7.7466607093811035,0.6102588176727295,1.374673843383789,0.44392991065979004,2.0927793979644775,79,165.35214233398438,350.6872863769531,476.0660705566406,14399,734.0858764648438,
,,,,,,80,190.44793701171875,426.37188720703125,485.7540588378906,14449,794.1639404296875,
0.49988141655921936,15.10257339477539,0.9984047412872314,3.1847145557403564,0.31349897384643555,2.000474452972412,80,173.79014587402344,397.2822265625,460.4735412597656,14499,746.0097045898438,
0.4980238974094391,6.691766262054443,0.5767207145690918,1.2919517755508423,0.4463949203491211,2.0079357624053955,80,162.95388793945312,352.2043151855469,463.39111328125,14549,720.97021484375,
,,,,,,81,171.54843139648438,419.08990478515625,483.149658203125,14599,778.4688110351562,
0.5025779008865356,10.346609115600586,0.6084480285644531,1.9482704401016235,0.3123016357421875,1.9897412061691284,81,178.42494201660156,368.186279296875,477.19134521484375,14649,750.4969482421875,
0.4999619722366333,6.444482803344727,0.5562763214111328,1.2667255401611328,0.4391450881958008,2.000152111053467,81,178.74337768554688,365.1672668457031,484.09844970703125,14699,756.0538330078125,
0.48096197843551636,7.433085918426514,0.6695230007171631,1.5118420124053955,0.4428524971008301,2.0791664123535156,81,183.5244140625,419.5447082519531,467.23211669921875,14749,768.7666625976562,
,,,,,,82,160.0084228515625,402.9411926269531,468.5142822265625,14799,749.9891357421875,
0.5026112198829651,11.218945503234863,0.6675779819488525,2.1173908710479736,0.31528329849243164,1.9896093606948853,82,188.13656616210938,418.26171875,460.2749938964844,14849,763.47412109375,
0.4935480058193207,7.900573253631592,0.5853626728057861,1.3347517251968384,0.4385554790496826,2.0261452198028564,82,182.797119140625,386.4329833984375,468.74395751953125,14899,753.3590087890625,
,,,,,,83,181.16110229492188,411.7304382324219,474.6363830566406,14949,771.0821533203125,
0.4899333417415619,9.806888580322266,0.5800905227661133,1.8837398290634155,0.30794620513916016,2.0410940647125244,83,156.12374877929688,349.7967529296875,452.9453125,14999,705.905517578125,
0.48873263597488403,6.625448703765869,0.5821125507354736,1.3069698810577393,0.4453909397125244,2.0461084842681885,83,179.26829528808594,375.8927917480469,501.6896057128906,15049,779.2701416015625,
0.48553362488746643,8.794679641723633,0.6060988903045654,1.3851386308670044,0.437572717666626,2.0595896244049072,83,172.92477416992188,382.3310546875,455.9411315917969,15099,733.5690307617188,
,,,,,,84,172.69186401367188,411.567626953125,472.3115539550781,15149,764.4412841796875,
0.5159419775009155,22.401445388793945,1.3976058959960938,4.473113536834717,0.31244587898254395,1.9382023811340332,84,169.39378356933594,360.61328125,476.72552490234375,15199,741.7290649414062,
0.4912508428096771,6.736417770385742,0.5524184703826904,1.2582911252975464,0.4390227794647217,2.0356199741363525,84,163.2039337158203,354.6092529296875,456.65728759765625,15249,715.5639038085938,
0.47857463359832764,9.31995677947998,0.7089736461639404,1.6086736917495728,0.4407193660736084,2.089538335800171,84,166.50868225097656,361.6616516113281,478.65093994140625,15299,742.7360229492188,
,,,,,,85,193.19818115234375,426.56475830078125,489.300048828125,15349,799.1815185546875,
0.49827083945274353,10.435487747192383,0.6211459636688232,1.9830209016799927,0.3132321834564209,2.0069406032562256,85,171.5675811767578,401.7760925292969,458.8001708984375,15399,745.471923828125,
0.4915047585964203,6.7563042640686035,0.5666792392730713,1.2988938093185425,0.4362783432006836,2.0345683097839355,85,160.3607635498047,348.6095886230469,462.2432861328125,15449,716.7284545898438,
,,,,,,86,172.09524536132812,419.0946044921875,481.71575927734375,15499,777.3106689453125,
0.5111115574836731,17.247241973876953,1.1306066513061523,3.629793882369995,0.3114795684814453,1.9565200805664062,86,177.97683715820312,365.36468505859375,475.677490234375,15549,747.3482666015625,
0.4942995607852936,7.089669704437256,0.5859189033508301,1.322901964187622,0.4429042339324951,2.0230648517608643,86,176.85662841796875,364.4269714355469,482.8861083984375,15599,753.5278930664062,
0.48753416538238525,8.251870155334473,0.5853204727172852,1.312049150466919,0.44611167907714844,2.051138162612915,86,182.98826599121094,413.8770751953125,464.4052734375,15649,762.8379516601562,
,,,,,,87,160.787353515625,399.32000732421875,467.2587585449219,15699,747.3124389648438,
0.4869023561477661,8.647758483886719,0.6354269981384277,2.0516204833984375,0.3097195625305176,2.053799867630005,87,185.4552001953125,400.53692626953125,458.1101989746094,15749,751.1062622070312,
0.4965081512928009,7.918766975402832,0.6294755935668945,1.4084901809692383,0.4469151496887207,2.014065742492676,87,184.89816284179688,384.77618408203125,472.0335388183594,15799,756.8707275390625,
,,,,,,88,179.822509765625,404.6939392089844,473.6771545410156,15849,765.9354248046875,
0.5011862516403198,22.32119369506836,1.409531831741333,4.448052883148193,0.31688737869262695,1.9952661991119385,88,155.9289093017578,348.3231201171875,451.77880859375,15899,703.90478515625,
0.4963419437408447,7.53249979019165,0.5960884094238281,1.3514574766159058,0.4410707950592041,2.014739990234375,88,177.0797882080078,369.081298828125,498.5699768066406,15949,771.6505126953125,
0.48490142822265625,8.663313865661621,0.6041316986083984,1.366825819015503,0.44199609756469727,2.062274694442749,88,174.76513671875,377.868408203125,456.0645751953125,15999,732.38134765625,
,,,,,,88,,,,15999,,840.7424926757812
,,,,,,89,174.11236572265625,410.7569885253906,471.06536865234375,16049,763.5000610351562,
0.48604267835617065,9.776188850402832,0.6122236251831055,1.8757574558258057,0.3263874053955078,2.0574324131011963,89,168.54562377929688,358.3026123046875,477.9171142578125,16099,741.3412475585938,
0.49333667755126953,6.583597660064697,0.57015061378479,1.2942684888839722,0.4405195713043213,2.0270133018493652,89,162.6494903564453,351.49169921875,457.49810791015625,16149,714.5687255859375,
0.4744856655597687,5.745082855224609,0.5526294708251953,1.2332428693771362,0.44811081886291504,2.1075451374053955,89,166.2476348876953,345.2953796386719,477.47412109375,16199,733.2456665039062,
,,,,,,90,191.41473388671875,426.82391357421875,486.35882568359375,16249,795.4781494140625,
0.5077694058418274,17.569778442382812,1.1196141242980957,3.583683967590332,0.3124198913574219,1.969397783279419,90,172.6577606201172,389.01611328125,459.60650634765625,16299,740.4434204101562,
0.503252387046814,8.298829078674316,0.5826685428619385,1.326065182685852,0.43939661979675293,1.9870744943618774,90,162.9420166015625,345.3192138671875,465.8895263671875,16349,720.0201416015625,
,,,,,,91,171.13954162597656,414.55712890625,481.2306213378906,16399,774.0789184570312,
0.500661313533783,11.034354209899902,0.6422991752624512,2.055476427078247,0.3124818801879883,1.9973583221435547,91,179.93096923828125,367.44140625,476.77325439453125,16449,750.4594116210938,
0.5002638101577759,8.910412788391113,0.6368398666381836,1.4248343706130981,0.4469571113586426,1.9989452362060547,91,176.33172607421875,361.3350830078125,480.7472839355469,16499,749.5806884765625,
0.473976194858551,5.7110419273376465,0.5606644153594971,1.2827035188674927,0.43709588050842285,2.1098105907440186,91,185.32833862304688,412.539794921875,466.60125732421875,16549,765.535400390625,
,,,,,,92,160.22592163085938,397.710205078125,464.9474792480469,16599,743.91552734375,
0.49804261326789856,18.711076736450195,1.1899666786193848,3.849459409713745,0.3091256618499756,2.0078604221343994,92,185.912353515625,404.0299072265625,456.80743408203125,16649,751.778564453125,
0.4979499876499176,8.11501693725586,0.6116328239440918,1.3732295036315918,0.44539737701416016,2.0082337856292725,92,183.11338806152344,381.651123046875,469.2323303222656,16699,751.6146240234375,
,,,,,,93,180.44552612304688,405.29779052734375,475.3436279296875,16749,768.21533203125,
0.49029988050460815,9.536517143249512,0.5802266597747803,1.8842154741287231,0.3079407215118408,2.0395679473876953,93,156.185302734375,343.6290283203125,449.85919189453125,16799,699.766357421875,
0.502912163734436,7.379567623138428,0.5758984088897705,1.2911806106567383,0.44602465629577637,1.9884189367294312,93,176.8341064453125,367.66058349609375,496.74676513671875,16849,768.9940795898438,
0.4814556837081909,7.637422561645508,0.6222047805786133,1.4099340438842773,0.441300630569458,2.0770344734191895,93,173.62794494628906,383.51165771484375,457.7828674316406,16899,736.3526611328125,
,,,,,,94,176.73062133789062,408.25091552734375,472.9971618652344,16949,765.4879150390625,
0.5001089572906494,19.234800338745117,1.2390897274017334,4.012500286102295,0.308807373046875,1.9995641708374023,94,168.64434814453125,354.82177734375,478.0703125,16999,739.8033447265625,
0.4977680444717407,7.763741970062256,0.6335368156433105,1.433486819267273,0.4419550895690918,2.008967876434326,94,163.67056274414062,352.0885009765625,457.8997802734375,17049,715.779296875,
0.4810777008533478,9.103289604187012,0.6327948570251465,1.4335813522338867,0.4414083957672119,2.0786662101745605,94,168.25027465820312,348.00787353515625,479.56756591796875,17099,737.6966552734375,
,,,,,,95,191.91848754882812,422.49920654296875,484.67547607421875,17149,791.8843383789062,
0.495233952999115,9.82839298248291,0.6107373237609863,1.9653111696243286,0.3107585906982422,2.019247531890869,95,172.51007080078125,398.748291015625,460.00201416015625,17199,745.631103515625,
0.49668997526168823,6.696984767913818,0.5678672790527344,1.278352975845337,0.4442179203033447,2.0133283138275146,95,160.14813232421875,339.72662353515625,460.5384216308594,17249,710.475830078125,
,,,,,,96,171.88482666015625,414.555419921875,480.6667785644531,17299,773.8869018554688,
0.49957525730133057,14.599300384521484,1.0013737678527832,3.178905963897705,0.3150057792663574,2.0017004013061523,96,178.11585998535156,369.551025390625,475.80157470703125,17349,749.6349487304688,
0.49232062697410583,6.938744068145752,0.5629997253417969,1.271655559539795,0.4427297115325928,2.0311965942382812,96,178.26657104492188,359.162841796875,483.60443115234375,17399,752.319091796875,
0.46913304924964905,6.893599510192871,0.5785071849822998,1.322808861732483,0.4373323917388916,2.131591558456421,96,183.87545776367188,415.7368469238281,466.7298278808594,17449,766.5359497070312,
,,,,,,97,160.79452514648438,396.6324462890625,465.0419921875,17499,743.7554931640625,
0.4999975264072418,9.898333549499512,0.6287546157836914,2.022076368331909,0.3109450340270996,2.000009775161743,97,185.57217407226562,404.9586181640625,456.0765075683594,17549,751.3418579101562,
0.4948583245277405,5.8033976554870605,0.5555000305175781,1.2441520690917969,0.4464888572692871,2.020780324935913,97,181.88442993164062,380.3455810546875,467.65252685546875,17599,748.7675170898438,
,,,,,,98,179.89947509765625,402.267822265625,474.4339599609375,17649,765.517578125,
0.505578339099884,17.565826416015625,1.1316745281219482,3.596989154815674,0.3146171569824219,1.9779329299926758,98,161.430908203125,349.6319885253906,454.8829040527344,17699,710.4143676757812,
0.4974757730960846,7.600255489349365,0.5850915908813477,1.3311094045639038,0.43955183029174805,2.010148048400879,98,179.5625762939453,368.82476806640625,500.873779296875,17749,775.0674438476562,
0.47677671909332275,8.612143516540527,0.5993325710296631,1.3706245422363281,0.4372696876525879,2.0974178314208984,98,172.47042846679688,375.580810546875,454.13055419921875,17799,728.1561279296875,
,,,,,,99,172.47007751464844,405.69256591796875,469.8276672363281,17849,758.908935546875,
0.5015535354614258,10.27874755859375,0.6052291393280029,1.9325605630874634,0.3131747245788574,1.993805170059204,99,168.20335388183594,363.68768310546875,478.0290832519531,17899,743.974609375,
0.5016189813613892,7.541710376739502,0.5836403369903564,1.3177140951156616,0.4429187774658203,1.9935449361801147,99,160.45272827148438,346.22418212890625,456.20452880859375,17949,709.54296875,
0.4832567572593689,8.383970260620117,0.6176624298095703,1.403896689414978,0.43996286392211914,2.069293260574341,99,163.37445068359375,340.78021240234375,473.44268798828125,17999,725.52001953125,
,,,,,,99,,,,17999,,844.4819946289062
,,,,,,100,191.90379333496094,420.0638427734375,483.7823486328125,18049,789.7661743164062,
0.4981502890586853,18.083499908447266,1.1731958389282227,3.7409379482269287,0.3136100769042969,2.0074262619018555,100,171.647216796875,386.53240966796875,457.6002502441406,18099,736.6900634765625,
0.4957493245601654,8.498207092285156,0.6438310146331787,1.468837022781372,0.4383270740509033,2.017148494720459,100,160.62942504882812,348.474853515625,461.73980712890625,18149,716.2919311523438,
,,,,,,101,170.11627197265625,411.8172607421875,479.50494384765625,18199,770.4716796875,
0.496044397354126,10.308083534240723,0.618565559387207,1.995603322982788,0.3099641799926758,2.015948534011841,101,180.4507598876953,365.1940612792969,477.03387451171875,18249,749.8563232421875,
0.49556857347488403,8.023015022277832,0.5985846519470215,1.3428198099136353,0.4457669258117676,2.0178842544555664,101,179.26080322265625,365.36871337890625,482.6385498046875,18299,754.9532470703125,
0.4766691029071808,6.670132637023926,0.5727922916412354,1.2941170930862427,0.4426124095916748,2.097891330718994,101,184.21531677246094,408.37255859375,465.584716796875,18349,761.878662109375,
,,,,,,102,158.81063842773438,392.3727722167969,463.2417297363281,18399,738.8334350585938,
0.5165696740150452,20.507719039916992,1.3100080490112305,4.244715690612793,0.3086209297180176,1.935847282409668,102,185.79434204101562,401.99993896484375,455.80938720703125,18449,749.70654296875,
0.5074476599693298,7.5662031173706055,0.6281461715698242,1.4029483795166016,0.44773292541503906,1.970646619796753,102,184.17428588867188,382.130126953125,469.5490417480469,18499,752.7012329101562,
,,,,,,103,183.3634033203125,408.3599548339844,475.94830322265625,18549,771.8099365234375,
0.49511802196502686,10.462067604064941,0.6163654327392578,1.9763153791427612,0.3118760585784912,2.0197205543518066,103,156.1114959716797,345.97625732421875,451.6112365722656,18599,702.6551513671875,
0.5055952668190002,9.12030029296875,0.6361565589904785,1.4250683784484863,0.44640421867370605,1.977866530418396,103,177.9281005859375,364.8605041503906,500.58172607421875,18649,771.9760131835938,
0.47720158100128174,7.602283477783203,0.5834681987762451,1.3227547407150269,0.4411008358001709,2.095550537109375,103,173.98106384277344,373.7730712890625,453.869873046875,18699,727.7469482421875,
,,,,,,104,175.28839111328125,405.26690673828125,472.5604248046875,18749,762.8380126953125,
0.5024445056915283,18.017139434814453,1.1770260334014893,3.8030595779418945,0.3094944953918457,1.9902695417404175,104,169.48684692382812,355.7817687988281,476.59222412109375,18799,739.2265625,
0.5034582614898682,8.903862953186035,0.6276886463165283,1.420601487159729,0.4418470859527588,1.9862619638442993,104,162.56317138671875,341.274658203125,455.9253234863281,18849,707.84423828125,
0.4753302335739136,7.246723651885986,0.5689358711242676,1.287479281425476,0.44189906120300293,2.1038005352020264,104,163.80592346191406,343.80816650390625,471.34417724609375,18899,725.1512451171875,
,,,,,,105,191.92747497558594,415.71185302734375,481.02288818359375,18949,784.842529296875,
0.5014059543609619,11.452503204345703,0.6532402038574219,2.124206066131592,0.3075220584869385,1.9943920373916626,105,171.50765991210938,390.9726257324219,457.2961120605469,18999,738.5362548828125,
0.49152547121047974,8.421756744384766,0.6492853164672852,1.4589972496032715,0.4450216293334961,2.034482479095459,105,160.5411376953125,342.7833251953125,459.3288879394531,19049,710.9910888671875,
,,,,,,106,169.408447265625,411.3414611816406,479.94329833984375,19099,770.3182373046875,
0.5057273507118225,20.58806800842285,1.2951109409332275,4.176043510437012,0.31012868881225586,1.977350115776062,106,179.23159790039062,366.41387939453125,475.27288818359375,19149,748.0955810546875,
0.49193111062049866,7.2177910804748535,0.5665373802185059,1.2886021137237549,0.439652681350708,2.0328049659729004,106,175.5570068359375,357.28369140625,480.6746826171875,19199,747.0950927734375,
0.4758256673812866,5.984858512878418,0.5524277687072754,1.2453274726867676,0.4436004161834717,2.101609945297241,106,182.16627502441406,408.6636657714844,464.5841979980469,19249,759.9991455078125,
,,,,,,107,158.2228240966797,400.90203857421875,462.6307678222656,19299,742.1932373046875,
0.4975932836532593,10.369400024414062,0.5850918292999268,1.8912129402160645,0.3093738555908203,2.0096733570098877,107,188.12155151367188,399.6890869140625,457.8451843261719,19349,751.7505493164062,
0.500206470489502,7.013936519622803,0.5826065540313721,1.3220689296722412,0.4406778812408447,1.9991744756698608,107,182.49200439453125,383.6025390625,469.0685119628906,19399,752.11572265625,
,,,,,,108,180.0954132080078,401.8104248046875,473.0506591796875,19449,764.0036010742188,
0.5094242095947266,24.907577514648438,1.528609275817871,4.884848594665527,0.3129286766052246,1.9630004167556763,108,155.86587524414062,343.17559814453125,449.76708984375,19499,699.287841796875,
0.49434760212898254,7.1725263595581055,0.5874752998352051,1.3251299858093262,0.44333410263061523,2.0228681564331055,108,178.90545654296875,370.78106689453125,499.25543212890625,19549,774.0987548828125,
0.4757825434207916,6.613532066345215,0.5719187259674072,1.2975820302963257,0.44075727462768555,2.1018006801605225,108,172.64712524414062,379.3529052734375,454.5040588378906,19599,730.5040283203125,
,,,,,,109,173.31985473632812,402.9331970214844,471.8101501464844,19649,759.9366455078125,
0.5003173351287842,10.801752090454102,0.6355235576629639,2.02413010597229,0.31397366523742676,1.9987314939498901,109,168.16555786132812,361.5258483886719,476.8255615234375,19699,741.6712646484375,
0.493862122297287,8.157562255859375,0.6447927951812744,1.4579927921295166,0.4422469139099121,2.0248565673828125,109,164.76547241210938,346.54071044921875,457.2216796875,19749,712.874755859375,
0.4730391800403595,5.119317054748535,0.5230965614318848,1.1770930290222168,0.44439697265625,2.11398983001709,109,167.17202758789062,343.81317138671875,475.40069580078125,19799,730.893310546875,
,,,,,,110,195.45050048828125,422.44976806640625,484.01727294921875,19849,792.9674072265625,
0.5106581449508667,20.1723690032959,1.2741844654083252,4.076942443847656,0.3125343322753906,1.9582571983337402,110,171.49417114257812,388.0238342285156,457.3984680175781,19899,737.157470703125,
0.4955376386642456,7.746597766876221,0.5968053340911865,1.33596932888031,0.44672083854675293,2.018010139465332,110,161.5564727783203,346.6499938964844,463.61614990234375,19949,717.7193603515625,
,,,,,,111,169.53622436523438,404.9212951660156,478.5479431152344,19999,765.7767333984375,
,,,,,,111,,,,19999,,841.3646850585938
0.4840223491191864,10.261079788208008,0.6119735240936279,1.977178692817688,0.30951857566833496,2.0660202503204346,111,181.4312286376953,370.209716796875,476.7158203125,20049,752.5363159179688,
0.4917187988758087,7.812578201293945,0.6037538051605225,1.3703268766403198,0.44059109687805176,2.0336825847625732,111,179.3582763671875,358.955322265625,484.6070556640625,20099,753.7637939453125,
0.49046415090560913,9.577787399291992,0.6087052822113037,1.3637052774429321,0.4463613033294678,2.0388848781585693,111,181.12518310546875,409.8665771484375,463.33062744140625,20149,758.8264770507812,
,,,,,,112,163.49200439453125,394.96319580078125,465.208984375,20199,744.4365234375,
0.5108582377433777,19.302045822143555,1.1655902862548828,3.7422170639038086,0.31147050857543945,1.957490086555481,112,186.26231384277344,401.2486572265625,458.1368103027344,20249,751.8922729492188,
0.49487730860710144,8.057573318481445,0.6032886505126953,1.3858649730682373,0.4353156089782715,2.020702838897705,112,181.50962829589844,376.95159912109375,468.766357421875,20299,747.9969482421875,
,,,,,,113,180.4246368408203,401.25030517578125,473.10992431640625,20349,763.9473876953125,
0.49781641364097595,10.573819160461426,0.65673828125,2.069843292236328,0.317288875579834,2.008772611618042,113,155.98944091796875,344.223876953125,450.38995361328125,20399,700.4966430664062,
0.4831026792526245,7.049398422241211,0.5933570861816406,1.3640432357788086,0.4349987506866455,2.069953441619873,113,177.9512939453125,366.05328369140625,496.68115234375,20449,768.6834106445312,
0.4828149974346161,8.204365730285645,0.6338403224945068,1.4244581460952759,0.44496941566467285,2.0711867809295654,113,172.58319091796875,369.61767578125,453.6116943359375,20499,724.712158203125,
,,,,,,114,173.39132690429688,399.6482849121094,470.1822509765625,20549,756.7020874023438,
0.4970715343952179,9.609615325927734,0.6122784614562988,1.9133292436599731,0.3200068473815918,2.0117828845977783,114,169.26071166992188,352.12518310546875,476.40997314453125,20599,737.1029052734375,
0.5100157260894775,20.002649307250977,1.1759674549102783,2.694174289703369,0.43648529052734375,1.960723876953125,114,160.4454345703125,339.30877685546875,454.83056640625,20649,704.7076416015625,
0.47882118821144104,7.197100639343262,0.5826046466827393,1.328657865524292,0.4384911060333252,2.0884623527526855,114,165.22605895996094,338.4920349121094,473.4338073730469,20699,725.2929077148438,
,,,,,,115,191.95501708984375,408.41778564453125,477.5389099121094,20749,777.7252807617188,
0.5080609917640686,11.596720695495605,0.6333739757537842,2.023759603500366,0.3129689693450928,1.968267560005188,115,171.1386260986328,386.9592590332031,458.5906982421875,20799,737.6396484375,
0.4950886070728302,7.98012638092041,0.6046700477600098,1.373572587966919,0.4402170181274414,2.0198404788970947,115,162.22076416015625,345.16668701171875,462.5539245605469,20849,716.2476196289062,
,,,,,,116,172.41380310058594,409.661865234375,479.79095458984375,20899,770.8287963867188,
0.5023272633552551,11.077241897583008,0.6248114109039307,2.0336296558380127,0.3072395324707031,1.9907339811325073,116,178.87112426757812,362.7474365234375,475.0714111328125,20949,745.8806762695312,
0.5059244632720947,28.39508056640625,1.4846136569976807,3.365184783935547,0.44116854667663574,1.9765795469284058,116,176.66925048828125,359.9441833496094,482.42877197265625,20999,750.7354736328125,
0.47488245368003845,6.346981048583984,0.5459578037261963,1.2423431873321533,0.43945813179016113,2.1057841777801514,116,185.3099822998047,409.7453308105469,464.73040771484375,21049,762.2581176757812,
,,,,,,117,160.41600036621094,391.97564697265625,464.15289306640625,21099,740.3487548828125,
0.49545103311538696,10.489762306213379,0.585313081741333,1.901838779449463,0.30776166915893555,2.0183629989624023,117,188.7596893310547,398.42144775390625,460.12725830078125,21149,753.7178344726562,
0.4914571940898895,8.015430450439453,0.6235063076019287,1.4314485788345337,0.4355771541595459,2.0347652435302734,117,182.07177734375,375.659423828125,466.46820068359375,21199,745.3338012695312,
,,,,,,118,179.24685668945312,406.15655517578125,475.11383056640625,21249,767.8155517578125,
0.5090867877006531,11.628096580505371,0.6536674499511719,1.940445065498352,0.336864709854126,1.964301586151123,118,157.49600219726562,343.2766418457031,449.8955993652344,21299,700.2819213867188,
0.49840959906578064,24.680078506469727,1.3303790092468262,3.0589330196380615,0.43491601943969727,2.0063819885253906,118,179.70486450195312,368.70037841796875,500.9126281738281,21349,775.115234375,
0.4726629853248596,6.616748332977295,0.5875899791717529,1.3358876705169678,0.439849853515625,2.1156723499298096,118,171.6790771484375,371.3887939453125,453.24029541015625,21399,724.774169921875,
,,,,,,119,171.9962615966797,396.7587890625,468.84063720703125,21449,753.2181396484375,
0.5088917016983032,11.517436027526855,0.6608371734619141,2.1213924884796143,0.3115110397338867,1.9650547504425049,119,169.85977172851562,359.0141906738281,478.0169677734375,21499,742.4539794921875,
0.4975208342075348,8.657146453857422,0.5935330390930176,1.3432852029800415,0.4418518543243408,2.0099661350250244,119,163.16595458984375,340.6317138671875,456.3835754394531,21549,708.282470703125,
0.4907034933567047,9.363951683044434,0.6556875705718994,1.4694842100143433,0.44620251655578613,2.0378904342651367,119,164.16110229492188,337.0606384277344,474.10772705078125,21599,724.7185668945312,
,,,,,,120,189.65655517578125,405.79339599609375,474.8858642578125,21649,772.6109008789062,
0.5057603120803833,10.762033462524414,0.6315298080444336,2.0288453102111816,0.3112754821777344,1.977221131324768,120,172.3311767578125,383.82904052734375,456.61126708984375,21699,734.6913452148438,
0.5007239580154419,7.624048233032227,0.6064953804016113,1.3827087879180908,0.4386284351348877,1.9971084594726562,120,162.97283935546875,345.4154052734375,463.11370849609375,21749,717.307861328125,
,,,,,,121,171.72113037109375,408.22528076171875,480.6568603515625,21799,770.6300048828125,
0.4983535408973694,10.437061309814453,0.611243486404419,1.9383234977722168,0.31534647941589355,2.0066075325012207,121,177.4031524658203,368.1182861328125,473.91217041015625,21849,746.6728515625,
0.4906662106513977,8.301911354064941,0.6482036113739014,1.4918029308319092,0.4345102310180664,2.0380454063415527,121,176.34548950195312,365.2884521484375,481.6834716796875,21899,752.50048828125,
0.4856320917606354,8.264331817626953,0.597022533416748,1.3560359477996826,0.44027042388916016,2.0591719150543213,121,183.03683471679688,405.19915771484375,462.9734191894531,21949,757.0914306640625,
,,,,,,122,157.91802978515625,384.33984375,459.9510498046875,21999,731.0799560546875,
,,,,,,122,,,,21999,,841.7230834960938
0.4953254163265228,10.553722381591797,0.6328933238983154,1.9799959659576416,0.3196437358856201,2.0188746452331543,122,187.8026123046875,395.1113586425781,456.4283752441406,22049,747.8853759765625,
0.4919646680355072,6.910468578338623,0.5643985271453857,1.261899471282959,0.44726109504699707,2.0326664447784424,122,184.94146728515625,381.3791809082031,471.2195129394531,22099,754.3798828125,
,,,,,,123,180.52206420898438,398.7055969238281,473.8728942871094,22149,763.4866943359375,
0.49734002351760864,10.25407886505127,0.6108548641204834,1.963864803314209,0.3110473155975342,2.0106968879699707,123,155.82757568359375,336.40350341796875,449.8301696777344,22199,695.9456787109375,
0.4949972927570343,7.512660980224609,0.5866725444793701,1.335171103477478,0.43939876556396484,2.0202131271362305,123,181.20211791992188,366.33367919921875,499.00372314453125,22249,772.7715454101562,
0.47728630900382996,6.768150329589844,0.6038188934326172,1.3667086362838745,0.4418051242828369,2.0951786041259766,123,174.2259521484375,369.6732177734375,452.9082336425781,22299,724.8577880859375,
,,,,,,124,172.61843872070312,396.16619873046875,468.1009521484375,22349,752.4932250976562,
0.4997326135635376,9.731462478637695,0.6011486053466797,1.9353550672531128,0.31061410903930664,2.001070261001587,124,169.60243225097656,354.1852722167969,477.36474609375,22399,739.258544921875,
0.5068275332450867,17.45012855529785,1.077040672302246,2.446031332015991,0.440321683883667,1.9730578660964966,124,162.48468017578125,341.3233642578125,456.0359802246094,22449,707.9400634765625,
0.4831204414367676,9.177726745605469,0.685870885848999,1.5602624416351318,0.439586877822876,2.0698771476745605,124,166.86817932128906,340.6509094238281,474.83306884765625,22499,728.5925903320312,
,,,,,,125,191.81423950195312,401.31298828125,476.13525390625,22549,772.6988525390625,
0.5035396814346313,11.11916732788086,0.6297531127929688,2.034649610519409,0.30951428413391113,1.98594069480896,125,173.29205322265625,386.2145690917969,458.51806640625,22599,738.2713012695312,
0.4965136647224426,7.765069961547852,0.5950753688812256,1.338268518447876,0.44466066360473633,2.0140433311462402,125,162.91009521484375,343.53704833984375,462.76312255859375,22649,715.9866943359375,
,,,,,,126,176.440185546875,411.58636474609375,481.89154052734375,22699,775.9049072265625,
0.5011295080184937,10.96944808959961,0.621727466583252,1.9810758829116821,0.31383323669433594,1.9954922199249268,126,177.4838409423828,363.4413146972656,472.8141784667969,22749,743.2767333984375,
0.5092433094978333,19.43975257873535,1.1279127597808838,2.582695722579956,0.4367191791534424,1.9636977910995483,126,176.88438415527344,361.8509826660156,483.66461181640625,22799,753.0323486328125,
0.47563865780830383,6.821183204650879,0.5668492317199707,1.2835599184036255,0.4416227340698242,2.1024363040924072,126,183.04481506347656,405.53167724609375,463.6634521484375,22849,757.95166015625,
,,,,,,127,160.23643493652344,386.5786437988281,461.9675598144531,22899,735.3750610351562,
0.5007683038711548,10.31898021697998,0.6299338340759277,1.99575936794281,0.31563615798950195,1.996931552886963,127,188.9161834716797,402.1722717285156,460.26556396484375,22949,755.809814453125,
0.501335859298706,7.648932456970215,0.5867135524749756,1.3401495218276978,0.43779706954956055,1.9946707487106323,127,183.98272705078125,380.9923400878906,469.71942138671875,22999,752.2069091796875,
,,,,,,128,180.56028747558594,407.90887451171875,474.538818359375,23049,768.7733764648438,
0.4982816278934479,9.951871871948242,0.6298911571502686,1.9992848634719849,0.31505823135375977,2.006897211074829,128,158.93133544921875,342.2409973144531,451.4535827636719,23099,702.0397338867188,
0.503575325012207,18.43904685974121,1.0792007446289062,2.46042799949646,0.43862318992614746,1.9858002662658691,128,179.3377685546875,364.6728515625,498.3497314453125,23149,770.3551025390625,
0.4730057418346405,6.160315990447998,0.5701475143432617,1.2871766090393066,0.4429442882537842,2.1141393184661865,128,171.67919921875,366.9241638183594,451.134521484375,23199,720.4361572265625,
,,,,,,129,173.64260864257812,397.6802978515625,469.16119384765625,23249,754.8226318359375,
0.5059624910354614,10.068778991699219,0.6372311115264893,2.0084214210510254,0.317279577255249,1.9764312505722046,129,168.46551513671875,354.13238525390625,476.25140380859375,23299,737.55029296875,
0.4981074929237366,8.23188591003418,0.647064208984375,1.4615883827209473,0.44271302223205566,2.007598638534546,129,160.94659423828125,340.43707275390625,453.07916259765625,23349,703.77099609375,
0.4809320271015167,7.733960151672363,0.5838251113891602,1.31980299949646,0.44235777854919434,2.0792958736419678,129,170.4639434814453,344.7446594238281,478.3952331542969,23399,735.9995727539062,
,,,,,,130,195.97698974609375,409.57464599609375,480.426025390625,23449,783.201904296875,
0.5006387829780579,9.274632453918457,0.5864260196685791,1.893045425415039,0.30977916717529297,1.9974479675292969,130,174.05963134765625,389.0538330078125,460.2689208984375,23499,741.8256225585938,
0.5003417730331421,17.341657638549805,1.059250831604004,2.413208246231079,0.43893885612487793,1.998633861541748,130,161.58114624023438,340.9260559082031,462.39862060546875,23549,713.6522216796875,
,,,,,,131,172.1697998046875,406.7366943359375,479.510986328125,23599,768.9642333984375,
0.5076459050178528,11.376852989196777,0.6516180038452148,2.0976219177246094,0.31064605712890625,1.969877004623413,131,175.7457733154297,353.5628356933594,471.5607604980469,23649,736.215087890625,
0.5128443241119385,8.637887001037598,0.6183793544769287,1.3778122663497925,0.44881248474121094,1.9499095678329468,131,179.10601806640625,356.202392578125,484.9915771484375,23699,752.6458129882812,
0.48072925209999084,6.1124091148376465,0.5813417434692383,1.307991623878479,0.44445371627807617,2.0801730155944824,131,185.2138214111328,411.1062316894531,467.1766357421875,23749,765.336669921875,
,,,,,,132,159.24386596679688,381.8082275390625,460.2999267578125,23799,730.825927734375,
0.5015444755554199,10.74905014038086,0.6217601299285889,2.0081987380981445,0.30961084365844727,1.9938410520553589,132,188.39889526367188,394.4695129394531,459.038818359375,23849,750.4730224609375,
0.5015307068824768,18.51688575744629,1.1022601127624512,2.510577917098999,0.43904638290405273,1.9938957691192627,132,186.11216735839844,382.7271728515625,471.802734375,23899,756.222412109375,
,,,,,,133,179.39511108398438,399.0901184082031,472.07952880859375,23949,761.3222045898438,
0.4935680031776428,10.298293113708496,0.6214702129364014,1.9641897678375244,0.31640028953552246,2.0260632038116455,133,155.95924377441406,343.9123840332031,449.89007568359375,23999,699.825927734375,
,,,,,,133,,,,23999,,844.09228515625
0.4868246018886566,8.244325637817383,0.6067690849304199,1.38308846950531,0.4387059211730957,2.0541279315948486,133,177.54855346679688,363.0343017578125,497.0965270996094,24049,767.3880004882812,
0.47584885358810425,7.27353048324585,0.5880165100097656,1.341863751411438,0.43820881843566895,2.1015076637268066,133,174.03701782226562,369.7294616699219,453.3269348144531,24099,725.2101440429688,
,,,,,,134,172.18646240234375,400.4942626953125,468.98858642578125,24149,755.3289794921875,
0.49413859844207764,10.98808765411377,0.6723289489746094,2.11580228805542,0.317765474319458,2.023723602294922,134,170.1669921875,355.51800537109375,476.97320556640625,24199,739.815673828125,
0.5089592933654785,25.592763900756836,1.387552261352539,3.14857816696167,0.4406917095184326,1.9647935628890991,134,162.1103515625,343.59375,454.1320495605469,24249,706.9840698242188,
0.47001245617866516,6.5166144371032715,0.5616352558135986,1.2903858423233032,0.43524599075317383,2.12760329246521,134,166.0282440185547,340.9031066894531,473.1890869140625,24299,726.6547241210938,
,,,,,,135,192.37734985351562,400.2765197753906,476.3194580078125,24349,772.6463623046875,
0.5003613233566284,10.552722930908203,0.644355297088623,2.050900936126709,0.3141815662384033,1.9985556602478027,135,171.3386688232422,387.201171875,455.04833984375,24399,734.3182373046875,
0.498307466506958,7.3150553703308105,0.5849683284759521,1.318244457244873,0.44374799728393555,2.0067930221557617,135,161.1650390625,338.6957702636719,461.5631103515625,24449,711.4935302734375,
,,,,,,136,172.599609375,403.3362121582031,476.3716125488281,24499,764.339599609375,
