batch_time_avg,batch_time_cv_percent,batch_time_max,batch_time_max_min_ratio,batch_time_min,batches_per_second,epoch,l_cos,l_mean,l_sd,l_var,step,train_loss,train_vae_loss,val_loss
,,,,,,0,0.31906425952911377,0.11122792214155197,0.09955833852291107,0.11895743012428284,49,0.9674342274665833,0.4256879687309265,
0.8642812371253967,85.09134674072266,5.893784523010254,14.758877754211426,0.3993382453918457,1.1570308208465576,0,0.2945297062397003,0.09295014292001724,0.09165599942207336,0.1149178072810173,99,0.7963372468948364,0.3057096600532532,
,,,,,,1,0.2680872082710266,0.09179772436618805,0.08598832786083221,0.11909452080726624,149,0.6892586946487427,0.23147600889205933,
0.5830529928207397,138.98648071289062,7.954351425170898,37.998870849609375,0.20933127403259277,1.715109944343567,1,0.2621338963508606,0.08097733557224274,0.08597074449062347,0.12669287621974945,199,0.5943673849105835,0.15261609852313995,
0.6043736338615417,37.374122619628906,1.0712363719940186,4.8463616371154785,0.2210392951965332,1.654605507850647,1,0.250036358833313,0.07896026968955994,0.08438852429389954,0.12721262872219086,249,0.5056511163711548,0.07954473048448563,
,,,,,,2,0.249182790517807,0.07416174560785294,0.0796431452035904,0.12301942706108093,299,0.4678487777709961,0.05255912244319916,
0.5754067301750183,61.75226974487305,1.3966069221496582,6.422618389129639,0.2174513339996338,1.737901210784912,2,0.23884078860282898,0.07275673747062683,0.07970371097326279,0.1271543651819229,349,0.4469783306121826,0.04296164587140083,
0.689346194267273,23.524248123168945,1.1199951171875,3.1498491764068604,0.35557103157043457,1.4506498575210571,2,0.2619325518608093,0.07932598888874054,0.08110807836055756,0.13712631165981293,399,0.4945541024208069,0.058474861085414886,
,,,,,,3,0.23095864057540894,0.07758128643035889,0.07762274891138077,0.1251693218946457,449,0.42830798029899597,0.029628364369273186,
0.6024988889694214,64.09210205078125,3.1018006801605225,14.995804786682129,0.20684456825256348,1.6597541570663452,3,0.22668936848640442,0.06919073313474655,0.0774962455034256,0.12908373773097992,499,0.41719767451286316,0.03091297298669815,
0.6319785118103027,18.285083770751953,0.8990199565887451,2.2043910026550293,0.40783143043518066,1.5823322534561157,3,0.2195064127445221,0.07442879676818848,0.0784211978316307,0.13129740953445435,549,0.41594210267066956,0.030455972999334335,
,,,,,,4,0.21817579865455627,0.06965294480323792,0.07631227374076843,0.12939143180847168,599,0.3965452313423157,0.019465066492557526,
0.5567290186882019,44.861541748046875,1.2325201034545898,5.616692066192627,0.21943879127502441,1.7962061166763306,4,0.20950916409492493,0.07091516256332397,0.07668644189834595,0.1325288712978363,649,0.3923565745353699,0.021992916241288185,
0.6634591221809387,26.64152717590332,1.1813063621520996,3.1695683002471924,0.37270259857177734,1.5072518587112427,4,0.19890126585960388,0.06118600815534592,0.07250764966011047,0.1287851184606552,699,0.3753628134727478,0.02988933026790619,
,,,,,,5,0.19627711176872253,0.06439628452062607,0.07370717823505402,0.13301612436771393,749,0.3610338866710663,0.01335168443620205,
0.5731606483459473,40.7614631652832,1.3383946418762207,4.830582141876221,0.2770669460296631,1.7447116374969482,5,0.21341148018836975,0.06890054792165756,0.07432673871517181,0.12920865416526794,799,0.38269805908203125,0.013138428330421448,
0.730342447757721,37.87493896484375,2.458570718765259,5.149523735046387,0.47743654251098633,1.3692207336425781,5,0.18923163414001465,0.058827806264162064,0.070545993745327,0.12734195590019226,849,0.3518362045288086,0.020496534183621407,
,,,,,,6,0.193648099899292,0.07084918767213821,0.07398110628128052,0.1328192800283432,899,0.36326849460601807,0.011508168652653694,
0.5731041431427002,44.89873123168945,1.4782679080963135,6.20925235748291,0.23807501792907715,1.7448835372924805,6,0.179968923330307,0.06616012752056122,0.07634538412094116,0.14185360074043274,949,0.34960952401161194,0.012949725612998009,
0.5786886215209961,35.63763427734375,1.1346404552459717,4.548051834106445,0.24947834014892578,1.7280449867248535,6,0.20525118708610535,0.07110783457756042,0.07332850247621536,0.132244274020195,999,0.37633419036865234,0.013422254472970963,
,,,,,,7,0.17773953080177307,0.060892343521118164,0.07161112129688263,0.13278064131736755,1049,0.33162766695022583,0.008106577210128307,
0.5036197304725647,40.77065658569336,1.153573751449585,4.765324592590332,0.24207663536071777,1.985625147819519,7,0.19055572152137756,0.06516413390636444,0.07258184999227524,0.1318880319595337,1099,0.3517010509967804,0.010210538282990456,
0.6250540018081665,37.57606506347656,1.2060105800628662,4.534060955047607,0.2659890651702881,1.599861741065979,7,0.16694922745227814,0.06345553696155548,0.06980540603399277,0.12862424552440643,1149,0.32222244143486023,0.009149842895567417,
,,,,,,8,0.1704912930727005,0.06670094281435013,0.07517804205417633,0.1398710161447525,1199,0.33494889736175537,0.008591536432504654,
0.5212815999984741,65.71119689941406,3.318591594696045,13.798144340515137,0.2405099868774414,1.9183489084243774,8,0.1634696125984192,0.06038670241832733,0.0730537623167038,0.13656754791736603,1249,0.319735586643219,0.009168744087219238,
0.5785093903541565,30.193567276000977,0.9069340229034424,2.6911234855651855,0.3370094299316406,1.7285804748535156,8,0.16800998151302338,0.06277743726968765,0.07417814433574677,0.13672040402889252,1299,0.32771414518356323,0.00907654594630003,
,,,,,,9,0.17944461107254028,0.06745696067810059,0.07439287006855011,0.13594739139080048,1349,0.3433172106742859,0.008428027853369713,
0.584007203578949,44.64706039428711,1.5387485027313232,5.729139804840088,0.268582820892334,1.7123076915740967,9,0.1910754293203354,0.06821610778570175,0.07330183684825897,0.13709773123264313,1399,0.3553059697151184,0.0090028066188097,
0.6208340525627136,31.719758987426758,1.0366499423980713,3.833807945251465,0.2703969478607178,1.61073637008667,9,0.1786402463912964,0.05768940970301628,0.07076585292816162,0.13339346647262573,1449,0.3311249613761902,0.010690096765756607,
,,,,,,10,0.15390023589134216,0.05345869064331055,0.07041649520397186,0.13125677406787872,1499,0.29837867617607117,0.007477577310055494,
0.4505457878112793,27.459430694580078,0.8617026805877686,3.583791494369507,0.24044442176818848,2.2195303440093994,10,0.15759426355361938,0.05817890539765358,0.07213741540908813,0.13365991413593292,1549,0.30827125906944275,0.006994698662310839,
0.6234944462776184,30.67656135559082,1.0489754676818848,3.304506301879883,0.31743788719177246,1.6038634777069092,10,0.1704263687133789,0.06056493520736694,0.07136207818984985,0.13345442712306976,1599,0.3248877227306366,0.009188881143927574,
,,,,,,11,0.15288937091827393,0.0610065720975399,0.07209955155849457,0.13618482649326324,1649,0.3073311746120453,0.007717199623584747,
0.5195315480232239,37.07230758666992,1.2114074230194092,4.494373798370361,0.26953864097595215,1.9248108863830566,11,0.18874719738960266,0.06066622585058212,0.07115897536277771,0.13013480603694916,1699,0.348393052816391,0.014807183295488358,
0.6523075699806213,25.68726921081543,1.0392777919769287,2.5663537979125977,0.40496277809143066,1.5330191850662231,11,0.16367504000663757,0.060511816293001175,0.0700070708990097,0.12998463213443756,1749,0.31541043519973755,0.00821802020072937,
,,,,,,12,0.1618054360151291,0.07097692787647247,0.07403792440891266,0.13834838569164276,1799,0.32909077405929565,0.008435651659965515,
0.5384751558303833,41.612220764160156,1.5310125350952148,4.914583206176758,0.3115243911743164,1.8570959568023682,12,0.18126440048217773,0.05911918729543686,0.0704086646437645,0.1322883516550064,1849,0.33364352583885193,0.00962243415415287,
,,,,,,13,0.1642206758260727,0.06299792975187302,0.0738723874092102,0.13564236462116241,1899,0.322111576795578,0.007456372492015362,
0.6428424119949341,46.9393310546875,2.881192684173584,8.010929107666016,0.35965776443481445,1.5555912256240845,13,0.16663244366645813,0.06499079614877701,0.07422465085983276,0.1403147280216217,1949,0.32783350348472595,0.007954110391438007,
0.4886706471443176,41.65458297729492,0.970123291015625,4.4421892166137695,0.21838855743408203,2.04636812210083,13,0.14153555035591125,0.05755312740802765,0.0715208351612091,0.13542567193508148,1999,0.2927905023097992,0.008638402447104454,
,,,,,,13,,,,,1999,,,1.2275508642196655
,,,,,,14,0.16281822323799133,0.06410151720046997,0.0714867115020752,0.13574352860450745,2049,0.3193119466304779,0.007331107277423143,
0.5035389065742493,36.40745162963867,1.0394484996795654,4.531365871429443,0.22938966751098633,1.9859439134597778,14,0.1749008595943451,0.0627174973487854,0.07188837230205536,0.13357116281986237,2099,0.3315921425819397,0.008728311397135258,
0.6301730871200562,25.871444702148438,1.0226826667785645,3.0811216831207275,0.33191895484924316,1.5868655443191528,14,0.14929643273353577,0.05733134597539902,0.070807546377182,0.13220921158790588,2149,0.29736071825027466,0.006704473868012428,
,,,,,,15,0.1551276445388794,0.06051851436495781,0.07122590392827988,0.13458842039108276,2199,0.30691590905189514,0.006584996823221445,
0.5226228833198547,35.310569763183594,1.023721694946289,3.7825138568878174,0.2706458568572998,1.9134255647659302,15,0.14674682915210724,0.05871987342834473,0.07274660468101501,0.13730908930301666,2249,0.2985400855541229,0.006595879327505827,
0.7265179753303528,54.9868278503418,3.178101062774658,8.554736137390137,0.3715019226074219,1.376428484916687,15,0.17312775552272797,0.06484073400497437,0.0695481151342392,0.1293942928314209,2299,0.3281973898410797,0.007741360925137997,
,,,,,,16,0.1626242995262146,0.06209690868854523,0.07101070880889893,0.13392728567123413,2349,0.3158589005470276,0.006734265014529228,
0.4761371314525604,30.10092544555664,0.8080923557281494,3.340812921524048,0.24188494682312012,2.1002352237701416,16,0.14481204748153687,0.05119475722312927,0.06987150758504868,0.13233859837055206,2399,0.2857685983181,0.0066564204171299934,
0.5088232755661011,31.10730743408203,0.8698782920837402,3.9010655879974365,0.22298479080200195,1.9653189182281494,16,0.16055643558502197,0.05843356251716614,0.07120373100042343,0.13240359723567963,2449,0.3108985424041748,0.007464441005140543,
,,,,,,17,0.17776130139827728,0.06062674522399902,0.0697384774684906,0.12974049150943756,2499,0.32919350266456604,0.008092902600765228,
0.5048584342002869,31.121200561523438,0.9129500389099121,3.253811836242676,0.28057861328125,1.9807531833648682,17,0.15057745575904846,0.06026088446378708,0.07151436805725098,0.13415662944316864,2549,0.3035726249217987,0.007804274093359709,
0.5599539279937744,34.434730529785156,0.8374040126800537,3.8177592754364014,0.2193443775177002,1.7858612537384033,17,0.15044286847114563,0.06942623853683472,0.07268586754798889,0.13555072247982025,2599,0.31348803639411926,0.0073779914528131485,
,,,,,,18,0.14917799830436707,0.05803529545664787,0.0728365033864975,0.13761168718338013,2649,0.30039238929748535,0.006581418216228485,
0.5819222927093506,65.8299789428711,3.4346859455108643,14.885612487792969,0.23073863983154297,1.718442440032959,18,0.14053791761398315,0.05544028431177139,0.07022371143102646,0.1312607079744339,2699,0.28709349036216736,0.00776550080627203,
0.6241090297698975,28.999479293823242,0.9788503646850586,3.637726306915283,0.26908302307128906,1.6022841930389404,18,0.1499914824962616,0.057726576924324036,0.07158491760492325,0.13627469539642334,2749,0.2990698516368866,0.006139383651316166,
,,,,,,19,0.15476597845554352,0.06079340726137161,0.07017342746257782,0.13050781190395355,2799,0.3053501844406128,0.006566597148776054,
0.5338794589042664,42.702392578125,0.9793097972869873,4.179859638214111,0.23429250717163086,1.873081922531128,19,0.15462329983711243,0.05898983031511307,0.06924599409103394,0.12890326976776123,2849,0.3021399974822998,0.006390552967786789,
0.5987775921821594,22.951059341430664,0.9836246967315674,2.92437744140625,0.3363535404205322,1.6700690984725952,19,0.16139855980873108,0.0642591044306755,0.06792344152927399,0.1271798312664032,2899,0.3129814565181732,0.006682371720671654,
,,,,,,20,0.1492720991373062,0.05484887957572937,0.07030845433473587,0.13326503336429596,2949,0.2934231162071228,0.005667199846357107,
0.5549542903900146,41.98344802856445,1.1145479679107666,5.187057971954346,0.21487092971801758,1.8019503355026245,20,0.14948156476020813,0.05386800691485405,0.06977282464504242,0.12938639521598816,2999,0.2919217646121979,0.005860738456249237,
0.769627571105957,42.59703063964844,2.6925411224365234,6.036989688873291,0.44600725173950195,1.2993297576904297,20,0.1522275060415268,0.059419553726911545,0.067903533577919,0.12788841128349304,3049,0.2982460856437683,0.005906641948968172,
,,,,,,21,0.1438940316438675,0.059400733560323715,0.07084880769252777,0.13405708968639374,3099,0.29272642731666565,0.005177161656320095,
0.5805100202560425,39.912696838378906,0.9646079540252686,4.505190372467041,0.2141103744506836,1.7226231098175049,21,0.1487358808517456,0.06113331764936447,0.06987741589546204,0.13112956285476685,3149,0.29847192764282227,0.005612358450889587,
0.655338704586029,27.663265228271484,1.2332971096038818,3.284557342529297,0.37548351287841797,1.5259284973144531,21,0.15047457814216614,0.06460767239332199,0.06903871893882751,0.1312369853258133,3199,0.30296409130096436,0.005719430278986692,
,,,,,,22,0.1428358554840088,0.0550045445561409,0.06930681318044662,0.1302175372838974,3249,0.28568530082702637,0.005516315810382366,
0.5259104371070862,36.193946838378906,0.930405855178833,4.24898624420166,0.21897125244140625,1.9014644622802734,22,0.14961299300193787,0.06355911493301392,0.07132754474878311,0.1366748958826065,3299,0.30418989062309265,0.006022762507200241,
0.8283082842826843,38.23245620727539,2.6924378871917725,5.762343883514404,0.46724700927734375,1.207279920578003,22,0.13750825822353363,0.05161765590310097,0.07011023163795471,0.13361945748329163,3349,0.2780378460884094,0.00543974619358778,
,,,,,,23,0.12895134091377258,0.05774208903312683,0.0745212584733963,0.14062054455280304,3399,0.2811680734157562,0.0058913626708090305,
0.5285969376564026,43.5791015625,1.1082243919372559,4.924901008605957,0.22502470016479492,1.8918006420135498,23,0.150822252035141,0.05743882805109024,0.07220909744501114,0.13369525969028473,3449,0.29972442984580994,0.005884750746190548,
0.7967199087142944,24.333261489868164,1.3171262741088867,2.757948875427246,0.47757458686828613,1.2551462650299072,23,0.14702241122722626,0.05830924212932587,0.06957732141017914,0.13070499897003174,3499,0.29460567235946655,0.0066261994652450085,
,,,,,,24,0.15331226587295532,0.05911291018128395,0.07045934349298477,0.13196302950382233,3549,0.30222904682159424,0.006148235872387886,
0.5006790161132812,43.212154388427734,1.0114150047302246,4.90848970413208,0.2060542106628418,1.997287631034851,24,0.1708945482969284,0.05931871384382248,0.06990337371826172,0.12930180132389069,3599,0.31876540184020996,0.005718600936233997,
0.7322763800621033,26.271390914916992,1.1462292671203613,3.8176944255828857,0.30024123191833496,1.3656045198440552,24,0.12787306308746338,0.06563630700111389,0.06822720170021057,0.13074468076229095,3649,0.28170523047447205,0.006894184276461601,
,,,,,,25,0.14256411790847778,0.061841610819101334,0.0704752579331398,0.13204561173915863,3699,0.2935987114906311,0.005513164214789867,
0.5809546709060669,32.863067626953125,1.024597406387329,4.155407905578613,0.24656963348388672,1.7213046550750732,25,0.15520934760570526,0.060118213295936584,0.07033073902130127,0.1308126002550125,3749,0.30605560541152954,0.007316056173294783,
,,,,,,26,0.1473170965909958,0.06915830075740814,0.07007917016744614,0.13274534046649933,3799,0.3051713705062866,0.0053422655910253525,
0.5662766098976135,36.330955505371094,1.0485763549804688,3.504873037338257,0.2991766929626465,1.7659214735031128,26,0.1468857079744339,0.05741662532091141,0.07160143554210663,0.13456977903842926,3849,0.29557621479034424,0.006215489003807306,
0.5364387631416321,29.723291397094727,0.9161665439605713,2.8678414821624756,0.3194620609283447,1.8641456365585327,26,0.13926655054092407,0.05926072597503662,0.07178400456905365,0.13520705699920654,3899,0.28958413004875183,0.005752122029662132,
,,,,,,27,0.14808806777000427,0.05890509486198425,0.06917662918567657,0.13020417094230652,3949,0.2943344712257385,0.005144279450178146,
0.5962193608283997,79.93065643310547,4.594211578369141,18.665430068969727,0.24613475799560547,1.6772350072860718,27,0.14166352152824402,0.05371439829468727,0.07038544118404388,0.1321416199207306,3999,0.2844201922416687,0.005442681722342968,
,,,,,,27,,,,,3999,,,1.2485955953598022
0.5217413306236267,32.495182037353516,0.8394320011138916,3.619415044784546,0.23192477226257324,1.9166585206985474,27,0.14344727993011475,0.058253854513168335,0.07095184177160263,0.13749362528324127,4049,0.2934522032737732,0.007049856707453728,
,,,,,,28,0.14538991451263428,0.0640144869685173,0.06919299066066742,0.12910084426403046,4099,0.29612165689468384,0.00461418554186821,
0.5673709511756897,39.32594680786133,1.312342882156372,4.000864028930664,0.3280148506164551,1.7625154256820679,28,0.1411629170179367,0.05531015992164612,0.07038038223981857,0.13167200982570648,4149,0.2848586440086365,0.004837994929403067,
0.6036236882209778,33.57195281982422,0.9793894290924072,3.85430908203125,0.2541024684906006,1.6566612720489502,28,0.1366979479789734,0.05942065641283989,0.07105281949043274,0.1330975443124771,4199,0.2853977680206299,0.004916603676974773,
,,,,,,29,0.1563701182603836,0.059253789484500885,0.07018010318279266,0.1322476863861084,4249,0.3036212623119354,0.004592479206621647,
0.4688342809677124,38.16072463989258,0.9671034812927246,4.452930927276611,0.21718358993530273,2.1329498291015625,29,0.1393485963344574,0.05834469199180603,0.07149724662303925,0.13383221626281738,4299,0.2881814241409302,0.005607654340565205,
0.8032093644142151,49.215660095214844,3.289591073989868,7.9411749839782715,0.4142448902130127,1.2450053691864014,29,0.14697539806365967,0.05364879220724106,0.06804833561182022,0.12735652923583984,4349,0.2879173755645752,0.006509189493954182,
,,,,,,30,0.1414892077445984,0.054481737315654755,0.0687190443277359,0.1315186321735382,4399,0.2825334370136261,0.004691579379141331,
0.5902299284934998,38.15414047241211,0.9820890426635742,4.461062431335449,0.22014689445495605,1.694254994392395,30,0.15005159378051758,0.057778965681791306,0.06952111423015594,0.1322821080684662,4449,0.29560166597366333,0.005021779797971249,
0.7468902468681335,19.555252075195312,1.0824577808380127,2.4940476417541504,0.43401646614074707,1.3388848304748535,30,0.13989834487438202,0.050797149538993835,0.0672750174999237,0.12713952362537384,4499,0.2768334448337555,0.006148967891931534,
,,,,,,31,0.14969943463802338,0.06224421411752701,0.07047075778245926,0.13133375346660614,4549,0.30161282420158386,0.006065043620765209,
0.5305060148239136,39.26771545410156,0.9842519760131836,3.951679229736328,0.24907183647155762,1.8849927186965942,31,0.1330309361219406,0.05687748268246651,0.07261558622121811,0.13700012862682343,4599,0.2814500033855438,0.0052260058000683784,
0.6851955652236938,51.139244079589844,2.8430440425872803,9.347979545593262,0.3041346073150635,1.459437370300293,31,0.14797423779964447,0.062154270708560944,0.06934081017971039,0.1306404173374176,4649,0.2984532415866852,0.0059198602102696896,
,,,,,,32,0.1486060619354248,0.0560372993350029,0.06962765753269196,0.13017752766609192,4699,0.2923954129219055,0.0051066335290670395,
0.5994313359260559,37.76395797729492,1.3920462131500244,4.863373756408691,0.28623056411743164,1.6682478189468384,32,0.15730485320091248,0.058871254324913025,0.0702584832906723,0.13051281869411469,4749,0.30520719289779663,0.005721318535506725,
0.6859322786331177,20.788837432861328,0.9636166095733643,3.4137227535247803,0.28227734565734863,1.4578697681427002,32,0.13535387814044952,0.05665075033903122,0.06714019924402237,0.1268426775932312,4799,0.27720335125923157,0.0053742630407214165,
,,,,,,33,0.12932828068733215,0.05945990979671478,0.07257378101348877,0.13721561431884766,4849,0.2804465889930725,0.005363044328987598,
0.5410237312316895,34.93641662597656,0.9778037071228027,3.611694812774658,0.2707326412200928,1.8483479022979736,33,0.13835488259792328,0.05558402091264725,0.07069932669401169,0.1322481781244278,4899,0.2829173505306244,0.0050542899407446384,
0.6444638967514038,26.286136627197266,1.1802375316619873,3.0900399684906006,0.38194894790649414,1.5516773462295532,33,0.13302449882030487,0.05493765324354172,0.07133500277996063,0.13345208764076233,4949,0.2771257162094116,0.00448333565145731,
,,,,,,34,0.14548295736312866,0.06117480993270874,0.07199539244174957,0.1333770751953125,4999,0.2966274917125702,0.004636624827980995,
0.5357601642608643,49.94504165649414,2.453712224960327,10.067906379699707,0.24371623992919922,1.866506814956665,34,0.1617966592311859,0.06234871596097946,0.07069297134876251,0.1339063197374344,5049,0.312922865152359,0.004693896509706974,
0.6583528518676758,34.16877365112305,1.1377720832824707,4.172217845916748,0.2727019786834717,1.5189422369003296,34,0.156191885471344,0.05382879450917244,0.0693880021572113,0.13119520246982574,5099,0.2978084683418274,0.005280248820781708,
,,,,,,35,0.1317901611328125,0.05031157657504082,0.06953559815883636,0.1301508992910385,5149,0.2696043848991394,0.004951965529471636,
0.5251274704933167,43.836265563964844,1.1030755043029785,4.967701435089111,0.22204947471618652,1.9042994976043701,35,0.132695272564888,0.05286001041531563,0.06997841596603394,0.13138511776924133,5199,0.2728038430213928,0.0041316598653793335,
0.709557294845581,19.015260696411133,0.9624714851379395,2.3527979850769043,0.4090752601623535,1.4093294143676758,35,0.14400508999824524,0.05640284717082977,0.0694805458188057,0.13139936327934265,5249,0.2881512939929962,0.005122871603816748,
,,,,,,36,0.13216060400009155,0.056696802377700806,0.07030555605888367,0.13164718449115753,5299,0.27706199884414673,0.00473431870341301,
0.5282568335533142,41.716983795166016,0.9362189769744873,3.9847896099090576,0.23494815826416016,1.8930186033248901,36,0.16137605905532837,0.05667124688625336,0.06955526024103165,0.1283128559589386,5349,0.3081281781196594,0.007694303058087826,
0.7615154385566711,48.313053131103516,3.14410138130188,8.241877555847168,0.38147878646850586,1.3131709098815918,36,0.13532117009162903,0.05512675642967224,0.06784375011920929,0.1255999207496643,5399,0.2757377028465271,0.00488604512065649,
,,,,,,37,0.13509714603424072,0.06421516090631485,0.07162980735301971,0.13547945022583008,5449,0.2891848385334015,0.004694788716733456,
0.5709612965583801,39.757568359375,0.9567108154296875,4.009376049041748,0.2386183738708496,1.7514322996139526,37,0.1500815451145172,0.054251864552497864,0.06830136477947235,0.12711146473884583,5499,0.29111549258232117,0.00576957268640399,
,,,,,,38,0.13962511718273163,0.058421507477760315,0.0716913491487503,0.13185206055641174,5549,0.2881527841091156,0.005229612346738577,
0.527987003326416,36.061256408691406,0.9177930355072021,3.6286044120788574,0.2529327869415283,1.8939861059188843,38,0.14623738825321198,0.06125159189105034,0.07240399718284607,0.13642048835754395,5599,0.2984577417373657,0.004922728054225445,
0.6955092549324036,44.65191650390625,2.548185110092163,6.707844257354736,0.3798813819885254,1.4377954006195068,38,0.12288117408752441,0.052105631679296494,0.06974537670612335,0.13282904028892517,5649,0.26287102699279785,0.004855928476899862,
,,,,,,39,0.14345817267894745,0.06033916026353836,0.07049274444580078,0.1333097219467163,5699,0.29226070642471313,0.004639666527509689,
0.5971691608428955,32.95344543457031,0.9775238037109375,3.9053242206573486,0.2503054141998291,1.6745673418045044,39,0.14658784866333008,0.05824587494134903,0.07003239542245865,0.1299256682395935,5749,0.2928740084171295,0.0050153364427387714,
0.6468507051467896,27.731090545654297,1.0518431663513184,2.7816483974456787,0.37813663482666016,1.5459518432617188,39,0.1324756145477295,0.05368497967720032,0.06936369091272354,0.12850794196128845,5799,0.2727905511856079,0.004415458999574184,
,,,,,,40,0.1330941915512085,0.05660555511713028,0.06947246193885803,0.13107290863990784,5849,0.27654701471328735,0.004267516545951366,
0.5685209631919861,42.158294677734375,1.0740046501159668,4.622041702270508,0.23236584663391113,1.758950114250183,40,0.12894916534423828,0.054988257586956024,0.07153284549713135,0.13356129825115204,5899,0.2741200923919678,0.005293696187436581,
0.6292518377304077,34.09392166137695,1.0431907176971436,4.405327320098877,0.2368021011352539,1.5891889333724976,40,0.15376460552215576,0.06163594126701355,0.06810469925403595,0.12824304401874542,5949,0.30168527364730835,0.00535575533285737,
,,,,,,41,0.14757893979549408,0.05967867001891136,0.070294588804245,0.13110773265361786,5999,0.2948989272117615,0.00423595542088151,
,,,,,,41,,,,,5999,,,1.2553668022155762
0.5306551456451416,65.6078109741211,3.083272933959961,13.06352424621582,0.2360215187072754,1.8844630718231201,41,0.1324349045753479,0.0483662448823452,0.06847050786018372,0.12842227518558502,6049,0.2662876844406128,0.0041738105937838554,
0.707146406173706,24.99030113220215,1.0087847709655762,2.896306276321411,0.3483004570007324,1.4141343832015991,41,0.1389973759651184,0.05540332943201065,0.06933466345071793,0.129547581076622,6099,0.2825098931789398,0.0058197700418531895,
,,,,,,42,0.15737192332744598,0.05745282769203186,0.0683397650718689,0.1276179552078247,6149,0.3006548583507538,0.004728535655885935,
0.46868839859962463,46.31378173828125,1.0990185737609863,5.2518510818481445,0.20926308631896973,2.1336135864257812,42,0.1323239505290985,0.0564485602080822,0.07036061584949493,0.13236679136753082,6199,0.27748072147369385,0.005110913887619972,
0.7430211305618286,16.300378799438477,1.2413113117218018,2.667490243911743,0.4653480052947998,1.345856785774231,42,0.1374022215604782,0.06488793343305588,0.07086290419101715,0.13227911293506622,6249,0.2913152575492859,0.004934308584779501,
,,,,,,43,0.13341394066810608,0.05462309718132019,0.07145963609218597,0.13323532044887543,6299,0.27730175852775574,0.004481564275920391,
0.5455346703529358,63.61895751953125,3.244384288787842,13.734428405761719,0.2362227439880371,1.833064079284668,43,0.13070079684257507,0.05306602269411087,0.06890968233346939,0.12846246361732483,6349,0.2696288526058197,0.004106129985302687,
0.7041767239570618,20.544910430908203,1.196570873260498,3.1769490242004395,0.37664151191711426,1.420098066329956,43,0.13801610469818115,0.0552566722035408,0.070741206407547,0.13392524421215057,6399,0.2822851240634918,0.004878612235188484,
,,,,,,44,0.14165538549423218,0.058330535888671875,0.06876656413078308,0.1287456750869751,6449,0.2862829566001892,0.004655896220356226,
0.6155088543891907,38.0177116394043,1.1011452674865723,4.960723876953125,0.22197270393371582,1.6246719360351562,44,0.1384827345609665,0.05634695291519165,0.06794334948062897,0.12509788572788239,6499,0.2796860337257385,0.004403202794492245,
0.6917809247970581,25.18683624267578,1.049530267715454,3.562196969985962,0.2946300506591797,1.4455442428588867,44,0.1513594388961792,0.06284396350383759,0.067172110080719,0.12454625219106674,6549,0.29852095246315,0.004690792411565781,
,,,,,,45,0.13289764523506165,0.05261269956827164,0.06942898035049438,0.13162259757518768,6599,0.2721652388572693,0.004063651897013187,
0.5402228236198425,40.072784423828125,1.1013798713684082,3.8485848903656006,0.2861778736114502,1.8510879278182983,45,0.13677817583084106,0.05156853795051575,0.0692230761051178,0.1287301927804947,6649,0.2745886743068695,0.004145847633481026,
0.7499504089355469,35.392982482910156,2.260822296142578,6.533377170562744,0.3460419178009033,1.3334215879440308,45,0.13901594281196594,0.05655602738261223,0.06683947890996933,0.12586210668087006,6699,0.2800494432449341,0.005051781423389912,
,,,,,,46,0.12956061959266663,0.05593347176909447,0.06949438899755478,0.13184888660907745,6749,0.2718791365623474,0.0037057516165077686,
0.5825228095054626,35.6998405456543,1.0388867855072021,4.377530574798584,0.23732256889343262,1.7166709899902344,46,0.13343332707881927,0.05828177183866501,0.06907382607460022,0.12922275066375732,6799,0.27829819917678833,0.004586981609463692,
0.6312598586082458,29.417219161987305,1.0394477844238281,3.52698016166687,0.29471325874328613,1.5841337442398071,46,0.14034248888492584,0.06218317151069641,0.0681862086057663,0.12850047647953033,6849,0.2884148359298706,0.004852910991758108,
,,,,,,47,0.1333889663219452,0.05307788401842117,0.0686866044998169,0.12708567082881927,6899,0.2723056375980377,0.004443613346666098,
0.5325036644935608,37.850154876708984,1.076810598373413,4.177797794342041,0.25774598121643066,1.877921462059021,47,0.14073067903518677,0.060230802744627,0.07031349837779999,0.13314136862754822,6949,0.28913041949272156,0.004541289992630482,
0.7156531810760498,36.384376525878906,2.121438503265381,7.021298408508301,0.3021433353424072,1.3973249197006226,47,0.12461353093385696,0.048769425600767136,0.06888864934444427,0.13010568916797638,6999,0.2590579092502594,0.003775753313675523,
,,,,,,48,0.11829912662506104,0.05459411069750786,0.07287083566188812,0.1356823593378067,7049,0.26328369975090027,0.003951395861804485,
0.5451226830482483,35.856563568115234,1.051455020904541,4.412844657897949,0.23827147483825684,1.8344494104385376,48,0.13674673438072205,0.05491654574871063,0.07096196711063385,0.1320563554763794,7099,0.2797807455062866,0.003949848469346762,
0.738718569278717,24.731489181518555,1.070072889328003,3.864386796951294,0.27690625190734863,1.3536955118179321,48,0.13352029025554657,0.054649144411087036,0.06838703900575638,0.12810760736465454,7149,0.2737043499946594,0.00433709379285574,
,,,,,,49,0.14440789818763733,0.05783901363611221,0.07028666138648987,0.13053537905216217,7199,0.29016444087028503,0.004577341489493847,
0.5080233216285706,45.78788375854492,1.0718250274658203,4.799149513244629,0.22333645820617676,1.9684135913848877,49,0.1570349782705307,0.057289816439151764,0.06922809779644012,0.1284414678812027,7249,0.3012348413467407,0.00483782310038805,
0.6675630807876587,21.238882064819336,0.9487061500549316,2.5179660320281982,0.37677478790283203,1.4979857206344604,49,0.11814771592617035,0.06322300434112549,0.06776849180459976,0.12842045724391937,7299,0.2669277489185333,0.004946493078023195,
,,,,,,50,0.1299976110458374,0.05792994052171707,0.06921003758907318,0.12876121699810028,7349,0.27410241961479187,0.004088724963366985,
0.5627469420433044,59.54563522338867,2.830641984939575,12.478084564208984,0.22684907913208008,1.7769975662231445,50,0.14246812462806702,0.05703745782375336,0.06933803111314774,0.1287129819393158,7399,0.2857606112957001,0.004045686684548855,
,,,,,,51,0.13668867945671082,0.06690813601016998,0.06918013095855713,0.12900227308273315,7449,0.2896454632282257,0.003968294709920883,
0.5172520279884338,46.17781448364258,1.0789313316345215,4.585361003875732,0.23529911041259766,1.9332934617996216,51,0.13683708012104034,0.055795639753341675,0.07144923508167267,0.13355374336242676,7499,0.28206324577331543,0.004625910893082619,
0.6593132615089417,22.673337936401367,0.9203894138336182,2.723996162414551,0.33788204193115234,1.516729712486267,51,0.13109418749809265,0.056951653212308884,0.07061128318309784,0.12950614094734192,7549,0.2755625247955322,0.0039548249915242195,
,,,,,,52,0.1345268338918686,0.056193143129348755,0.06849405914545059,0.12788622081279755,7599,0.27593088150024414,0.003928209654986858,
0.506242036819458,43.96272659301758,1.0234906673431396,4.338418960571289,0.23591327667236328,1.9753397703170776,52,0.13492359220981598,0.05220077931880951,0.06923405081033707,0.12926781177520752,7649,0.2731281518936157,0.0038429524283856153,
0.7628111839294434,51.78953552246094,3.245473861694336,8.605514526367188,0.3771388530731201,1.3109403848648071,52,0.12368541955947876,0.05480996519327164,0.07054997980594635,0.13286657631397247,7699,0.26781442761421204,0.005482402630150318,
,,,,,,53,0.13731127977371216,0.06140275299549103,0.069061778485775,0.12891632318496704,7749,0.2847617566585541,0.004094341769814491,
0.5789422988891602,36.21211242675781,1.0059535503387451,4.412059783935547,0.22800087928771973,1.7272878885269165,53,0.13185957074165344,0.05298970639705658,0.06947317719459534,0.12891295552253723,7799,0.2717188894748688,0.00450512208044529,
0.6134414076805115,31.06843376159668,0.9409260749816895,3.6540725231170654,0.25750064849853516,1.6301475763320923,53,0.1276148110628128,0.057145826518535614,0.07053840160369873,0.13230033218860626,7849,0.27209654450416565,0.0035674956161528826,
,,,,,,54,0.14921575784683228,0.057295527309179306,0.06961721926927567,0.1311052441596985,7899,0.29346680641174316,0.004227772355079651,
0.5076550245285034,33.640663146972656,0.9333779811859131,3.769017457962036,0.24764490127563477,1.969841718673706,54,0.12976348400115967,0.05608474463224411,0.07025846838951111,0.12844263017177582,7949,0.2734106779098511,0.004459697753190994,
0.6169589161872864,26.219369888305664,0.9260222911834717,2.5516278743743896,0.3629143238067627,1.6208535432815552,54,0.13908636569976807,0.05253296345472336,0.06758181005716324,0.12627089023590088,7999,0.27660781145095825,0.004779591225087643,
,,,,,,54,,,,,7999,,,1.2138112783432007
,,,,,,55,0.13413040339946747,0.05336442589759827,0.06834693253040314,0.1289615035057068,8049,0.2716687321662903,0.002930826973170042,
0.5514892935752869,48.40938949584961,2.2278361320495605,9.755565643310547,0.22836565971374512,1.8132718801498413,55,0.14240524172782898,0.05717400461435318,0.06934463977813721,0.13100288808345795,8099,0.2865236699581146,0.004499450791627169,
0.7180275917053223,22.740619659423828,1.159926176071167,3.118617057800293,0.3719360828399658,1.3927041292190552,55,0.1305365264415741,0.04858504235744476,0.066472128033638,0.12290133535861969,8149,0.261414498090744,0.0035306629724800587,
,,,,,,56,0.1393934190273285,0.06107955798506737,0.0698595941066742,0.13042306900024414,8199,0.28798991441726685,0.004615082871168852,
0.5170494318008423,46.42021179199219,1.18275785446167,5.591166019439697,0.21154046058654785,1.9340510368347168,56,0.1223783791065216,0.0546121746301651,0.0717725157737732,0.1350143551826477,8249,0.2669258415699005,0.0046613458544015884,
0.7529004812240601,39.02086639404297,2.528146266937256,7.3503098487854,0.3439509868621826,1.3281968832015991,56,0.13914364576339722,0.05955833941698074,0.06920569390058517,0.12754760682582855,8299,0.2843344509601593,0.003672045422717929,
,,,,,,57,0.13933280110359192,0.053914546966552734,0.06878864020109177,0.1292336881160736,8349,0.2791375517845154,0.004178203176707029,
0.5643491744995117,39.63071060180664,1.0658466815948486,3.972277879714966,0.26832127571105957,1.7719526290893555,57,0.14984627068042755,0.057837408035993576,0.06960165500640869,0.13017109036445618,8399,0.2938912510871887,0.003588820341974497,
0.6729398369789124,27.949752807617188,1.0895161628723145,4.491881847381592,0.2425522804260254,1.486016869544983,57,0.12684141099452972,0.054858043789863586,0.06635098904371262,0.1264481246471405,8449,0.26455220580101013,0.0038569667376577854,
,,,,,,58,0.12153192609548569,0.05740373954176903,0.07213795185089111,0.13505880534648895,8499,0.26818662881851196,0.003607149003073573,
0.5613030195236206,38.99282455444336,1.0803954601287842,3.967513084411621,0.2723104953765869,1.7815688848495483,58,0.13172674179077148,0.054688818752765656,0.07079403102397919,0.13220682740211487,8549,0.2747267186641693,0.00429643876850605,
0.6617465615272522,29.27165412902832,1.0473175048828125,3.3824033737182617,0.30963706970214844,1.5111525058746338,58,0.12673106789588928,0.05327488109469414,0.07027709484100342,0.13296301662921906,8599,0.2673531174659729,0.003773750737309456,
,,,,,,59,0.13934704661369324,0.06020922213792801,0.07220911979675293,0.13338786363601685,8649,0.2893497943878174,0.004245607182383537,
0.5550004243850708,54.33261489868164,2.7823007106781006,11.792634963989258,0.23593544960021973,1.8018004894256592,59,0.14966173470020294,0.0610179677605629,0.07084713876247406,0.13248556852340698,8699,0.2988320291042328,0.004056599922478199,
0.648711085319519,23.206113815307617,0.9302432537078857,2.6378159523010254,0.35265660285949707,1.541518211364746,59,0.14686477184295654,0.052470482885837555,0.06885616481304169,0.12854617834091187,8749,0.2847864031791687,0.0037403488531708717,
,,,,,,60,0.12169721722602844,0.049020253121852875,0.06897209584712982,0.12770095467567444,8799,0.25613492727279663,0.0036752824671566486,
0.5716121792793274,35.45518112182617,1.1849560737609863,4.835094451904297,0.24507403373718262,1.749437928199768,60,0.12784996628761292,0.05164173245429993,0.0693274438381195,0.12954996526241302,8849,0.26497575640678406,0.003201611340045929,
0.6993861794471741,21.747209548950195,1.097283124923706,2.9693832397460938,0.36953234672546387,1.4298253059387207,60,0.13528688251972198,0.05451133847236633,0.06959356367588043,0.1305905133485794,8899,0.2760004997253418,0.003549672896042466,
,,,,,,61,0.12574465572834015,0.05540669336915016,0.06975004822015762,0.13023903965950012,8949,0.2671038508415222,0.003178574377670884,
0.5094245076179504,43.183868408203125,1.0242891311645508,4.3408427238464355,0.23596549034118652,1.9629993438720703,61,0.14884832501411438,0.05472513288259506,0.06924816966056824,0.12766757607460022,8999,0.2908116281032562,0.005223255604505539,
0.7620939612388611,42.433807373046875,2.5874929428100586,6.7840471267700195,0.3814084529876709,1.3121742010116577,61,0.12760500609874725,0.0547829270362854,0.0678473487496376,0.127326101064682,9049,0.26693040132522583,0.003962509334087372,
,,,,,,62,0.12548279762268066,0.06192886084318161,0.07113425433635712,0.13236398994922638,9099,0.2755536735057831,0.00377137353643775,
0.600013017654419,41.2036018371582,1.1317188739776611,4.910026550292969,0.23049139976501465,1.666630506515503,62,0.14257797598838806,0.052887123078107834,0.0684414952993393,0.12726445496082306,9149,0.28071147203445435,0.00407842081040144,
,,,,,,63,0.13455015420913696,0.05865039676427841,0.07262427359819412,0.1349567174911499,9199,0.28289440274238586,0.0035738907754421234,
0.5418615341186523,43.862850189208984,1.0320606231689453,4.397214412689209,0.23470783233642578,1.8454898595809937,63,0.1379835605621338,0.05920759588479996,0.07236376404762268,0.13529418408870697,9249,0.28645873069763184,0.003374404041096568,
0.7723878622055054,34.82088088989258,2.4150280952453613,6.871403217315674,0.35146069526672363,1.2946863174438477,63,0.11690986156463623,0.0507727712392807,0.06935421377420425,0.12976358830928802,9299,0.25357693433761597,0.003563729114830494,
,,,,,,64,0.13699984550476074,0.058722324669361115,0.06957098096609116,0.12900251150131226,9349,0.28147122263908386,0.0032778140157461166,
0.5779120326042175,42.605262756347656,1.302492618560791,5.677464962005615,0.2294144630432129,1.7303671836853027,64,0.14328207075595856,0.05719872564077377,0.06968466937541962,0.12853577733039856,9399,0.28697603940963745,0.003956998698413372,
0.6786177158355713,22.570369720458984,1.007249116897583,2.8309197425842285,0.3558027744293213,1.473583698272705,64,0.12549704313278198,0.05187906324863434,0.0686766728758812,0.12696567177772522,9449,0.26230669021606445,0.0035573113709688187,
,,,,,,65,0.1311182975769043,0.05618645250797272,0.06985664367675781,0.12867939472198486,9499,0.273640513420105,0.0036111841909587383,
0.5746249556541443,41.74838638305664,1.368452787399292,5.587541580200195,0.24491143226623535,1.7402654886245728,65,0.11842896044254303,0.05290697515010834,0.0710936039686203,0.1336095631122589,9549,0.2594788372516632,0.00368835823610425,
0.71450275182724,25.40268898010254,1.3469643592834473,3.60988712310791,0.37313199043273926,1.399574637413025,65,0.14478078484535217,0.06054937466979027,0.06805937737226486,0.126393124461174,9599,0.2898332178592682,0.003804351668804884,
,,,,,,66,0.13812066614627838,0.05742014944553375,0.0692511796951294,0.12946917116641998,9649,0.281017005443573,0.003278062678873539,
0.5833818912506104,53.9363899230957,2.70157790184021,10.681282997131348,0.2529263496398926,1.7141430377960205,66,0.1215880736708641,0.046693965792655945,0.06804594397544861,0.12693355977535248,9699,0.2528349757194519,0.0038136369548738003,
0.6542179584503174,27.338237762451172,0.9582233428955078,3.4786417484283447,0.27545905113220215,1.5285426378250122,66,0.13277995586395264,0.0533100925385952,0.06936339288949966,0.12744742631912231,9749,0.27248746156692505,0.004289272706955671,
,,,,,,67,0.1534857451915741,0.056590355932712555,0.06833600997924805,0.12689971923828125,9799,0.29496294260025024,0.0038608533795922995,
0.5776146650314331,40.22515869140625,1.0927996635437012,4.419742584228516,0.2472541332244873,1.7312580347061157,67,0.1297265738248825,0.05568866804242134,0.06976856291294098,0.12958164513111115,9849,0.2723325192928314,0.004190536215901375,
0.5665146112442017,30.93596839904785,0.9676568508148193,4.0144124031066895,0.24104571342468262,1.7651795148849487,67,0.12883123755455017,0.06314721703529358,0.07017648965120316,0.13253642618656158,9899,0.2793242931365967,0.003915684297680855,
,,,,,,68,0.1257658451795578,0.05334033817052841,0.07108615338802338,0.13427719473838806,9949,0.266802042722702,0.0031820000149309635,
0.6034067273139954,52.176883697509766,2.8986024856567383,10.682007789611816,0.27135372161865234,1.6572569608688354,68,0.12532126903533936,0.05268744379281998,0.0690465122461319,0.12803170084953308,9999,0.2635505199432373,0.0036921268329024315,
,,,,,,68,,,,,9999,,,1.2056258916854858
0.49179428815841675,37.02695846557617,0.9248499870300293,3.8692123889923096,0.2390279769897461,2.0333704948425293,68,0.1300148218870163,0.05328705906867981,0.07029865682125092,0.1327614188194275,10049,0.2704831063747406,0.0036064228042960167,
,,,,,,69,0.13400208950042725,0.05745093524456024,0.06850621849298477,0.1275634765625,10099,0.27624839544296265,0.003532781731337309,
0.5498875379562378,47.59903335571289,1.1943426132202148,5.540743350982666,0.21555638313293457,1.8185536861419678,69,0.12971529364585876,0.05424205958843231,0.06698208302259445,0.12522782385349274,10149,0.2667712867259979,0.0033091118093580008,
0.7468805909156799,20.59233856201172,1.230165958404541,2.504392623901367,0.49120330810546875,1.3389021158218384,69,0.14236770570278168,0.06120232120156288,0.06704794615507126,0.1252872347831726,10199,0.2870219051837921,0.00387522391974926,
,,,,,,70,0.1253308206796646,0.0511043444275856,0.06909418106079102,0.12991765141487122,10249,0.26178932189941406,0.003268225584179163,
0.5491262078285217,43.283905029296875,1.12656569480896,4.547125339508057,0.24775338172912598,1.8210750818252563,70,0.1315697878599167,0.05066439136862755,0.06903678923845291,0.12762609124183655,10299,0.26738908886909485,0.0033555072732269764,
0.8071601390838623,47.355098724365234,3.1960947513580322,8.035558700561523,0.39774394035339355,1.238911509513855,70,0.13317899405956268,0.05559081584215164,0.06693917512893677,0.1252654641866684,10349,0.2717861831188202,0.0035506756976246834,
,,,,,,71,0.12231367826461792,0.05477343127131462,0.06958374381065369,0.12953749299049377,10399,0.26298531889915466,0.0033606919459998608,
0.5156402587890625,46.10209655761719,1.2647931575775146,5.780865669250488,0.21878957748413086,1.9393365383148193,71,0.128925621509552,0.05785563588142395,0.0686044991016388,0.12638069689273834,10449,0.2719104588031769,0.003886630292981863,
0.7292313575744629,18.832448959350586,1.041027545928955,2.8119852542877197,0.3702108860015869,1.3713068962097168,71,0.13601747155189514,0.06087615340948105,0.06829948723316193,0.12757821381092072,10499,0.2815367579460144,0.0035858312621712685,
,,,,,,72,0.1247430220246315,0.05253470689058304,0.06856575608253479,0.12730230391025543,10549,0.26119518280029297,0.0026214602403342724,
0.6007236242294312,48.44718551635742,1.2870638370513916,6.067244529724121,0.21213316917419434,1.664659023284912,72,0.13321158289909363,0.0592007115483284,0.06980244815349579,0.13147108256816864,10599,0.27848905324935913,0.0031272307969629765,
0.7543674111366272,33.7530517578125,2.2131741046905518,5.281675815582275,0.41902875900268555,1.3256139755249023,72,0.1260133683681488,0.04864903539419174,0.06876158714294434,0.12688924372196198,10649,0.25987064838409424,0.003757754573598504,
,,,,,,73,0.11204235255718231,0.05282702296972275,0.07253679633140564,0.13518930971622467,10699,0.2542480528354645,0.0033229473046958447,
0.5490210056304932,46.28224182128906,1.0623390674591064,4.7941179275512695,0.22159218788146973,1.8214240074157715,73,0.1324070394039154,0.05428112670779228,0.07073508203029633,0.13160309195518494,10749,0.2741245627403259,0.00354098342359066,
0.6447900533676147,24.674728393554688,1.0154612064361572,2.989926338195801,0.3396275043487549,1.5508923530578613,73,0.12694063782691956,0.05461496114730835,0.06855416297912598,0.12717203795909882,10799,0.26698732376098633,0.004160338081419468,
,,,,,,74,0.1389327496290207,0.05792008340358734,0.07014356553554535,0.13088655471801758,10849,0.2836439907550812,0.0035589435137808323,
0.5756367444992065,44.08039855957031,1.414140224456787,5.501379013061523,0.257051944732666,1.7372066974639893,74,0.1505243182182312,0.055398985743522644,0.06835386157035828,0.1280052661895752,10899,0.29127606749534607,0.0041983891278505325,
0.6798790097236633,25.176584243774414,1.0089976787567139,3.1003024578094482,0.3254513740539551,1.470849871635437,74,0.11502563208341599,0.06174799054861069,0.06811250001192093,0.12731365859508514,10949,0.2611939311027527,0.0035764353815466166,
,,,,,,75,0.12785689532756805,0.05760854482650757,0.06969686597585678,0.12849871814250946,10999,0.2712618112564087,0.003249643836170435,
0.6274863481521606,63.69997024536133,3.8703677654266357,15.148319244384766,0.25549817085266113,1.5936601161956787,75,0.13325774669647217,0.0557459220290184,0.06907228380441666,0.12824562191963196,11049,0.27445727586746216,0.0035567712038755417,
,,,,,,76,0.13145679235458374,0.06506228446960449,0.06853769719600677,0.12756559252738953,11099,0.281429648399353,0.003616347908973694,
0.6138017177581787,38.87954330444336,1.3593928813934326,5.983757495880127,0.22718048095703125,1.6291905641555786,76,0.1271853744983673,0.05335112661123276,0.07052458077669144,0.13138818740844727,11149,0.2681754529476166,0.003975533880293369,
0.6621830463409424,16.6549129486084,0.9436752796173096,2.4112861156463623,0.3913576602935791,1.5101563930511475,76,0.12456062436103821,0.05600019916892052,0.07059742510318756,0.1298576146364212,11199,0.26786860823631287,0.0037246141582727432,
,,,,,,77,0.13119599223136902,0.054762788116931915,0.06765127182006836,0.1269274204969406,11249,0.269562304019928,0.00325947068631649,
0.5174145102500916,43.3180046081543,1.1398415565490723,4.756228446960449,0.23965239524841309,1.9326863288879395,77,0.12842847406864166,0.05126658082008362,0.06922067701816559,0.12919676303863525,11299,0.2656491994857788,0.003813795745372772,
0.6611979603767395,35.1655387878418,2.0438930988311768,7.340458869934082,0.2784421443939209,1.5124064683914185,77,0.11649569869041443,0.0530720129609108,0.070398710668087,0.12963412702083588,11349,0.25765085220336914,0.004721029661595821,
,,,,,,78,0.1310146450996399,0.060201529413461685,0.06757937371730804,0.12615764141082764,11399,0.27489107847213745,0.0034797813277691603,
0.44940292835235596,46.73295974731445,1.0541696548461914,4.926092624664307,0.21399712562561035,2.22517466545105,78,0.1260126829147339,0.05242542549967766,0.06919780373573303,0.1288219690322876,11449,0.26407283544540405,0.003554718801751733,
0.5763485431671143,34.099674224853516,1.0695455074310303,4.343703746795654,0.24622893333435059,1.7350612878799438,78,0.122184619307518,0.055661048740148544,0.06951475143432617,0.12934184074401855,11499,0.2637212872505188,0.003426656126976013,
,,,,,,79,0.14232343435287476,0.05651894584298134,0.06952275335788727,0.1295001208782196,11549,0.2844575345516205,0.0031423878390341997,
0.49806851148605347,59.88608932495117,1.376692771911621,6.509907245635986,0.21147656440734863,2.007755756378174,79,0.1272333711385727,0.05528874695301056,0.07045352458953857,0.12904883921146393,11599,0.2693311274051666,0.0034506088122725487,
0.5401427745819092,38.99858856201172,1.0360314846038818,4.351889133453369,0.23806476593017578,1.8513622283935547,79,0.13539786636829376,0.051194436848163605,0.0672672837972641,0.12601415812969208,11649,0.2706114649772644,0.004150462802499533,
,,,,,,80,0.13412334024906158,0.053019870072603226,0.06858387589454651,0.12799370288848877,11699,0.2724221646785736,0.00389570533297956,
0.5640767812728882,56.20656204223633,2.6227669715881348,11.521560668945312,0.22763991355895996,1.7728084325790405,80,0.13570621609687805,0.05595165863633156,0.06930527091026306,0.12773969769477844,11749,0.27686548233032227,0.00312836654484272,
0.624521017074585,27.927595138549805,1.0579533576965332,3.1318702697753906,0.3378024101257324,1.601227045059204,80,0.12246236950159073,0.04724138230085373,0.06622409075498581,0.12365172803401947,11799,0.251516729593277,0.0032237451523542404,
,,,,,,81,0.13155987858772278,0.05896472930908203,0.06920470297336578,0.1298234760761261,11849,0.27637016773223877,0.0036585065536201,
0.5136246681213379,53.320003509521484,1.1884775161743164,5.666821002960205,0.20972561836242676,1.9469468593597412,81,0.11704669892787933,0.054006725549697876,0.07160890102386475,0.13281945884227753,11899,0.2591090500354767,0.003164792899042368,
0.7160971164703369,23.252492904663086,1.1257874965667725,2.949333667755127,0.38170909881591797,1.396458625793457,81,0.1346573531627655,0.059316717088222504,0.06891810894012451,0.12577395141124725,11949,0.2786758244037628,0.0032062428072094917,
,,,,,,82,0.1345454752445221,0.05363563075661659,0.06866714358329773,0.1295742690563202,11999,0.2731577754020691,0.0033521028235554695,
,,,,,,82,,,,,11999,,,1.2266395092010498
0.46430134773254395,40.88167190551758,0.9516327381134033,4.330375671386719,0.2197575569152832,2.153773546218872,82,0.14231222867965698,0.05666959285736084,0.069044329226017,0.12933793663978577,12049,0.2839244604110718,0.002964537125080824,
0.5213786363601685,35.131221771240234,0.9364049434661865,4.058980464935303,0.2306995391845703,1.9179917573928833,82,0.12364332377910614,0.054091840982437134,0.06633208692073822,0.12359423190355301,12099,0.25942322611808777,0.002996536437422037,
,,,,,,83,0.11890263855457306,0.05702169984579086,0.0718984305858612,0.13423565030097961,12149,0.26459062099456787,0.0033442694693803787,
0.544657826423645,56.42621994018555,1.4548840522766113,6.876351833343506,0.2115778923034668,1.836015224456787,83,0.12620270252227783,0.053351301699876785,0.07032887637615204,0.13148072361946106,12199,0.26625412702560425,0.003223186591640115,
0.4606902599334717,37.64240264892578,0.8083727359771729,3.854355573654175,0.20972967147827148,2.1706557273864746,83,0.12080475687980652,0.052561238408088684,0.07059312611818314,0.1316341757774353,12249,0.2608305811882019,0.003708061296492815,
,,,,,,84,0.13168467581272125,0.0593055784702301,0.07148962467908859,0.13193552196025848,12299,0.27866870164871216,0.0029952710028737783,
0.5142310261726379,60.73073196411133,1.2793750762939453,6.133275032043457,0.20859575271606445,1.9446512460708618,84,0.1453251838684082,0.060263752937316895,0.07048241794109344,0.13229668140411377,12349,0.29268187284469604,0.003380838315933943,
0.6087086200714111,30.26564598083496,0.9794702529907227,2.8240787982940674,0.3468282222747803,1.642822027206421,84,0.1405014842748642,0.05105745792388916,0.06853801012039185,0.12856289744377136,12399,0.27602478861808777,0.003071557730436325,
,,,,,,85,0.11758845299482346,0.04830089211463928,0.06903901696205139,0.12640531361103058,12449,0.2506959140300751,0.0031270021572709084,
0.5389378666877747,82.32709503173828,3.948049545288086,18.48674774169922,0.2135610580444336,1.855501413345337,85,0.12433138489723206,0.051145732402801514,0.06896892189979553,0.12817730009555817,12499,0.2600269019603729,0.002763118129223585,
0.5519497394561768,27.996191024780273,0.8975811004638672,2.7195465564727783,0.3300480842590332,1.811759114265442,85,0.1306886076927185,0.05341304838657379,0.06924356520175934,0.13022680580615997,12549,0.269800066947937,0.0034321534913033247,
,,,,,,86,0.12400086224079132,0.054879602044820786,0.06987269222736359,0.12924817204475403,12599,0.26484665274620056,0.0031686576548963785,
0.5179009437561035,52.137123107910156,1.10164475440979,5.328122615814209,0.20676040649414062,1.9308711290359497,86,0.14395013451576233,0.05393826216459274,0.06851059943437576,0.12675052881240845,12649,0.28304120898246765,0.0039671966806054115,
0.6002862453460693,31.01521873474121,1.1710381507873535,3.723202705383301,0.31452441215515137,1.6658719778060913,86,0.12162381410598755,0.05289459228515625,0.06707056611776352,0.1255994588136673,12699,0.2575526237487793,0.0034036836586892605,
,,,,,,87,0.12254747748374939,0.060790933668613434,0.07044510543346405,0.13141164183616638,12749,0.2703566551208496,0.0034319888800382614,
0.561146080493927,63.3234977722168,2.4625775814056396,11.552096366882324,0.21317148208618164,1.7820671796798706,87,0.13722339272499084,0.052583202719688416,0.06813207268714905,0.12768270075321198,12799,0.27447590231895447,0.0037689502350986004,
,,,,,,88,0.126267671585083,0.05678582191467285,0.07160213589668274,0.13162332773208618,12849,0.271149605512619,0.0033316253684461117,
0.5397616624832153,53.061519622802734,1.0980398654937744,5.163038730621338,0.21267318725585938,1.852669596672058,88,0.13442111015319824,0.058708321303129196,0.07233000546693802,0.1357889026403427,12899,0.28278857469558716,0.003750195261090994,
0.6746854186058044,25.074443817138672,1.0766127109527588,2.834406852722168,0.3798370361328125,1.4821722507476807,88,0.11417672038078308,0.0492812916636467,0.06867559254169464,0.12823736667633057,12949,0.24776659905910492,0.002809272613376379,
,,,,,,89,0.1330571323633194,0.05889730155467987,0.0699421614408493,0.12946388125419617,12999,0.27788829803466797,0.003045307705178857,
0.5084558725357056,49.82518005371094,1.1009161472320557,5.04237174987793,0.21833300590515137,1.9667390584945679,89,0.13959366083145142,0.055843837559223175,0.06971422582864761,0.12649041414260864,13049,0.28138598799705505,0.0035852608270943165,
0.7051475644111633,41.55642318725586,2.458658218383789,6.093896389007568,0.40346240997314453,1.4181427955627441,89,0.12107770144939423,0.05130467563867569,0.06827510893344879,0.12664398550987244,13099,0.25644659996032715,0.0031247069127857685,
,,,,,,90,0.12463724613189697,0.055260345339775085,0.06951247155666351,0.1281905323266983,13149,0.26547977328300476,0.003250660840421915,
0.619353175163269,39.04237365722656,1.0866613388061523,4.614060878753662,0.23551082611083984,1.614587664604187,90,0.11517852544784546,0.0520048514008522,0.07055528461933136,0.13100509345531464,13199,0.2535669207572937,0.002727749291807413,
0.6445366144180298,22.469085693359375,0.9546115398406982,2.5726566314697266,0.3710606098175049,1.5515022277832031,90,0.13969606161117554,0.05907822772860527,0.06765534728765488,0.1260434240102768,13249,0.28269872069358826,0.003664694493636489,
,,,,,,91,0.13237148523330688,0.05637044459581375,0.06924380362033844,0.12951596081256866,13299,0.2740149199962616,0.0030775899067521095,
0.5984891653060913,37.094764709472656,1.0754797458648682,4.778949737548828,0.22504520416259766,1.670873999595642,91,0.11803236603736877,0.04598231241106987,0.067689910531044,0.12629272043704987,13349,0.2475985735654831,0.0032647321932017803,
0.7019923329353333,41.933074951171875,2.3922958374023438,8.334025382995605,0.2870516777038574,1.424517035484314,91,0.1303602159023285,0.052278272807598114,0.06879310309886932,0.12740427255630493,13399,0.26735424995422363,0.003182224230840802,
,,,,,,92,0.14777223765850067,0.05556472763419151,0.06821778416633606,0.1264052838087082,13449,0.28793445229530334,0.003739140694960952,
0.5368984341621399,33.705535888671875,1.0968105792999268,3.6329870223999023,0.30190324783325195,1.8625495433807373,92,0.12234297394752502,0.0541398786008358,0.06965485215187073,0.12951047718524933,13499,0.2623698115348816,0.003281041979789734,
0.6142682433128357,27.759658813476562,0.9444005489349365,2.831578016281128,0.3335244655609131,1.627953290939331,92,0.12298834323883057,0.06206583231687546,0.0700589269399643,0.1306914985179901,13549,0.27163615822792053,0.003453933633863926,
,,,,,,93,0.12181977927684784,0.0522228479385376,0.07066792249679565,0.13162820041179657,13599,0.26133811473846436,0.0034647705033421516,
0.6181755065917969,38.492523193359375,1.1727008819580078,4.996377468109131,0.2347102165222168,1.6176635026931763,93,0.12084771692752838,0.051519956439733505,0.06852541863918304,0.12641292810440063,13649,0.2567163407802582,0.003181969281286001,
0.5793962478637695,28.06452178955078,0.8654701709747314,3.564255952835083,0.24281930923461914,1.7259345054626465,93,0.12754935026168823,0.05265109986066818,0.06989786773920059,0.13124532997608185,13699,0.26636284589767456,0.0031399668660014868,
,,,,,,94,0.12990066409111023,0.05683179199695587,0.06871295720338821,0.1281021535396576,13749,0.2717936038970947,0.0035379831679165363,
0.5863929986953735,48.79243850708008,1.4199163913726807,5.721401214599609,0.24817633628845215,1.7053409814834595,94,0.1277039647102356,0.05374588072299957,0.0672600269317627,0.12401115894317627,13799,0.26396459341049194,0.0028536058962345123,
0.6231536865234375,26.935644149780273,0.9950637817382812,4.076585292816162,0.24409246444702148,1.6047406196594238,94,0.1388915479183197,0.06068138778209686,0.06724004447460175,0.12521621584892273,13849,0.28250375390052795,0.003169152420014143,
,,,,,,95,0.12187507003545761,0.04995603486895561,0.06894604861736298,0.12892001867294312,13899,0.25657761096954346,0.002908434486016631,
0.5406336784362793,47.66085433959961,1.2192506790161133,5.568521976470947,0.21895408630371094,1.8496812582015991,95,0.13076603412628174,0.05026844143867493,0.0684681162238121,0.125637948513031,13949,0.26521986722946167,0.00315346522256732,
0.611731231212616,25.576271057128906,0.914536714553833,2.710662603378296,0.3373849391937256,1.6347049474716187,95,0.13044637441635132,0.05485743656754494,0.06705445051193237,0.12428424507379532,13999,0.26795101165771484,0.0031643123365938663,
,,,,,,95,,,,,13999,,,1.1613301038742065
,,,,,,96,0.12095767259597778,0.054518990218639374,0.06965537369251251,0.1288405805826187,14049,0.2609146535396576,0.0028985561802983284,
0.5253429412841797,61.32937240600586,2.6725094318389893,12.98878002166748,0.20575523376464844,1.9035184383392334,96,0.12128861248493195,0.05648047477006912,0.06852386146783829,0.12619662284851074,14099,0.26239606738090515,0.0034834882244467735,
0.5509649515151978,26.076780319213867,0.9674537181854248,2.84210467338562,0.34040045738220215,1.8149974346160889,96,0.13291649520397186,0.06032296270132065,0.06807109713554382,0.12723703682422638,14149,0.2770324647426605,0.002998200710862875,
,,,,,,97,0.12021692842245102,0.0515376478433609,0.06838502734899521,0.12566864490509033,14199,0.2555425465106964,0.0028360686264932156,
0.6190289258956909,39.9840087890625,1.3084652423858643,4.156572341918945,0.31479430198669434,1.6154333353042603,97,0.1283494085073471,0.05791904777288437,0.06981119513511658,0.13122892379760742,14249,0.2718884348869324,0.002685899380594492,
0.6114321947097778,21.96482276916504,0.9410929679870605,3.176604747772217,0.29625749588012695,1.6355043649673462,97,0.11820892989635468,0.04761000722646713,0.06864985823631287,0.12881481647491455,14299,0.24987228214740753,0.0025220061652362347,
,,,,,,98,0.1059151217341423,0.05103355646133423,0.07219003140926361,0.1339884251356125,14349,0.24570110440254211,0.0031635365448892117,
0.5644494891166687,46.66958999633789,1.265756368637085,5.767199993133545,0.21947503089904785,1.7716377973556519,98,0.12609069049358368,0.0532783642411232,0.07097045332193375,0.13032971322536469,14399,0.26654407382011414,0.0031715924851596355,
0.6781336665153503,42.1712532043457,2.1645076274871826,8.189701080322266,0.264296293258667,1.4746354818344116,98,0.12243922799825668,0.05255889892578125,0.06789232045412064,0.12608672678470612,14449,0.25899311900138855,0.003493993077427149,
,,,,,,99,0.13172319531440735,0.0560549795627594,0.07000994682312012,0.12923377752304077,14499,0.2740944027900696,0.003382866969332099,
0.5584335327148438,53.21120834350586,1.279724359512329,5.764731407165527,0.22199201583862305,1.7907233238220215,99,0.14387717843055725,0.05488651618361473,0.06854411959648132,0.12543481588363647,14549,0.2832973599433899,0.0034460718743503094,
0.645005464553833,20.92763900756836,1.0749421119689941,2.5325889587402344,0.42444396018981934,1.5503745079040527,99,0.10563471168279648,0.05848487839102745,0.06699029356241226,0.1253276914358139,14599,0.24664723873138428,0.0030045858584344387,
,,,,,,100,0.12324478477239609,0.055842481553554535,0.06869132071733475,0.1260579228401184,14649,0.2633183002471924,0.0029339194297790527,
0.5103207230567932,42.590641021728516,1.1863811016082764,5.611475467681885,0.21142053604125977,1.9595520496368408,100,0.1316480040550232,0.05502641946077347,0.06869017332792282,0.12772883474826813,14699,0.27148354053497314,0.0033460569102317095,
,,,,,,101,0.12651006877422333,0.06379127502441406,0.06868363171815872,0.12652361392974854,14749,0.27484971284866333,0.003212369978427887,
0.5131558179855347,41.56980514526367,1.0286271572113037,4.770828723907471,0.2156076431274414,1.9487258195877075,101,0.12494942545890808,0.053184546530246735,0.07069587707519531,0.13188903033733368,14799,0.26556357741355896,0.003544846083968878,
0.6626101136207581,22.592857360839844,1.0161592960357666,2.4295952320098877,0.4182422161102295,1.5091831684112549,101,0.11857131123542786,0.05452011153101921,0.07025928795337677,0.13017548620700836,14849,0.25939667224884033,0.003028388600796461,
,,,,,,102,0.12441155314445496,0.054009146988391876,0.06786122918128967,0.12562817335128784,14899,0.26137208938598633,0.002527364529669285,
0.5698893070220947,40.46471405029297,1.0015428066253662,4.473887920379639,0.22386407852172852,1.7547266483306885,102,0.12558484077453613,0.0503496490418911,0.06950606405735016,0.1288796365261078,14949,0.2613954544067383,0.003066894831135869,
0.6501131653785706,29.328933715820312,1.0289816856384277,2.7340049743652344,0.37636423110961914,1.538193702697754,102,0.10980638861656189,0.051486268639564514,0.07020559906959534,0.12919902801513672,14999,0.2481400966644287,0.0037219179794192314,
,,,,,,103,0.1310880482196808,0.06021825969219208,0.06823161989450455,0.12643899023532867,15049,0.2748688757419586,0.0026870628353208303,
0.6238542199134827,81.46780395507812,5.048529624938965,21.857616424560547,0.230973482131958,1.6029386520385742,103,0.12548518180847168,0.05203010514378548,0.06961838901042938,0.1271442174911499,15099,0.26273080706596375,0.002882703673094511,
0.6966341137886047,21.895709991455078,0.9864628314971924,2.5548226833343506,0.38611793518066406,1.4354737997055054,103,0.12024188041687012,0.055833034217357635,0.07025013864040375,0.1278156042098999,15149,0.2619803845882416,0.002873809542506933,
,,,,,,104,0.13524790108203888,0.055323660373687744,0.06894677877426147,0.12926852703094482,15199,0.2752700746059418,0.0028248827438801527,
0.5064613819122314,43.328285217285156,1.0981009006500244,5.105047702789307,0.21510100364685059,1.9744840860366821,104,0.12172333151102066,0.05427677184343338,0.07000167667865753,0.12764422595500946,15249,0.261814147233963,0.003047978738322854,
0.7382484078407288,22.18985939025879,1.050741195678711,2.7533175945281982,0.38162732124328613,1.3545576333999634,104,0.1318405270576477,0.05059082806110382,0.06693588197231293,0.12398053705692291,15299,0.2651439309120178,0.003378623863682151,
,,,,,,105,0.12393687665462494,0.05159466713666916,0.06787924468517303,0.1267680525779724,15349,0.2586723268032074,0.0025847386568784714,
0.5474256873130798,39.30270004272461,1.0942723751068115,5.246325492858887,0.20857882499694824,1.8267319202423096,105,0.1334846019744873,0.055538758635520935,0.06901535391807556,0.12876640260219574,15399,0.27408817410469055,0.0031728148460388184,
0.7537844777107239,44.500057220458984,2.816751718521118,7.114703178405762,0.3959057331085205,1.326639175415039,105,0.12060436606407166,0.04718617722392082,0.0661579817533493,0.12192624807357788,15449,0.24874159693717957,0.0026004277169704437,
,,,,,,106,0.12882694602012634,0.05913623049855232,0.0693652480840683,0.12975138425827026,15499,0.2732507288455963,0.0029471945017576218,
0.5657971501350403,43.39093017578125,0.9870631694793701,4.594090938568115,0.21485495567321777,1.7674179077148438,106,0.11380699276924133,0.05285898223519325,0.07142366468906403,0.13285112380981445,15549,0.25421810150146484,0.0028433650732040405,
0.7217767238616943,24.35312271118164,1.0916130542755127,2.847898006439209,0.3833048343658447,1.3854700326919556,106,0.13000261783599854,0.058461908251047134,0.06858914345502853,0.12679092586040497,15599,0.27278250455856323,0.0030497568659484386,
,,,,,,107,0.13311398029327393,0.05267096683382988,0.0685911774635315,0.128916934132576,15649,0.2699795365333557,0.002711738459765911,
0.5291170477867126,43.17451095581055,1.0674970149993896,4.418128967285156,0.24161744117736816,1.8899410963058472,107,0.13666659593582153,0.05571713671088219,0.06930634379386902,0.12899844348430634,15699,0.27730274200439453,0.0027128395158797503,
0.6671844124794006,24.311365127563477,1.0235579013824463,3.0616326332092285,0.334317684173584,1.4988360404968262,107,0.12165303528308868,0.05398237705230713,0.0660390704870224,0.12334555387496948,15749,0.25649452209472656,0.0024855085648596287,
,,,,,,108,0.11213461309671402,0.05586104467511177,0.072319395840168,0.13428497314453125,15799,0.2561909854412079,0.002447435399517417,
0.6215553879737854,38.90468978881836,1.0466015338897705,4.281937122344971,0.24442243576049805,1.6088670492172241,108,0.12444282323122025,0.05256934091448784,0.07027184963226318,0.13065595924854279,15849,0.26311132311820984,0.0027617195155471563,
0.7214483022689819,26.15034294128418,1.07304048538208,3.5156474113464355,0.3052184581756592,1.3861006498336792,108,0.11757419258356094,0.05199279263615608,0.07038071751594543,0.13042430579662323,15899,0.25537580251693726,0.0023856689222157,
,,,,,,109,0.1297401487827301,0.05823265016078949,0.07136628031730652,0.13105346262454987,15949,0.27498650550842285,0.002542085014283657,
0.5647599101066589,41.39448928833008,1.1052038669586182,4.962686538696289,0.2227027416229248,1.770663857460022,109,0.14159263670444489,0.05980578809976578,0.07047039270401001,0.13109560310840607,15999,0.2878535985946655,0.0028752321377396584,
,,,,,,109,,,,,15999,,,1.1289443969726562
0.5594683885574341,33.869449615478516,0.9917511940002441,3.4974498748779297,0.28356409072875977,1.787411093711853,109,0.1399995982646942,0.050961025059223175,0.06830991804599762,0.12651720643043518,16049,0.27457195520401,0.0026496811769902706,
,,,,,,110,0.11536186188459396,0.04768017306923866,0.06898931413888931,0.12662777304649353,16099,0.24713930487632751,0.002445157151669264,
0.547625720500946,44.69071960449219,1.1682467460632324,4.6530890464782715,0.2510690689086914,1.8260647058486938,110,0.1216827780008316,0.049928292632102966,0.06898868083953857,0.12894609570503235,16149,0.25607535243034363,0.0025810077786445618,
0.713068962097168,25.012786865234375,1.203751802444458,3.328047513961792,0.36169910430908203,1.4023889303207397,110,0.12496718019247055,0.05272452160716057,0.06956364214420319,0.1295502930879593,16199,0.26313889026641846,0.002928510308265686,
,,,,,,111,0.11925292015075684,0.05361770838499069,0.06941857933998108,0.1284528225660324,16249,0.2575991451740265,0.0024646432138979435,
0.5224287509918213,39.738285064697266,1.004823923110962,4.198749542236328,0.23931503295898438,1.9141366481781006,111,0.14034447073936462,0.0528770387172699,0.06813208758831024,0.1257164627313614,16299,0.2773565351963043,0.00343129551038146,
0.6455615758895874,32.892242431640625,1.170356273651123,3.148932456970215,0.37166762351989746,1.5490390062332153,111,0.11985015869140625,0.0522945374250412,0.06686829030513763,0.1236686185002327,16349,0.2543952465057373,0.0030153952538967133,
,,,,,,112,0.11733175814151764,0.059475094079971313,0.07093576341867447,0.13033069670200348,16399,0.26341670751571655,0.0026410073041915894,
0.5657351613044739,32.95750427246094,1.0042157173156738,3.5176303386688232,0.2854807376861572,1.7676115036010742,112,0.13436296582221985,0.05163413658738136,0.0679953470826149,0.1260925680398941,16449,0.26999950408935547,0.003397821681573987,
,,,,,,113,0.1247708648443222,0.05606310814619064,0.07165244221687317,0.1323072761297226,16499,0.2687854766845703,0.0030683253426104784,
0.5236076712608337,34.64270782470703,1.0040035247802734,3.6833009719848633,0.2725825309753418,1.9098268747329712,113,0.12982390820980072,0.05708255618810654,0.07168887555599213,0.13271595537662506,16549,0.2750488817691803,0.0031819408759474754,
0.6789842247962952,20.93330955505371,1.075634479522705,2.800922393798828,0.38402867317199707,1.4727882146835327,113,0.10941623151302338,0.04911980777978897,0.06896229088306427,0.12723533809185028,16599,0.24309119582176208,0.0028693447820842266,
,,,,,,114,0.1266537457704544,0.05746452510356903,0.06919160485267639,0.12762446701526642,16649,0.2687564194202423,0.0026840963400900364,
0.5345014929771423,41.55815887451172,1.044393539428711,4.73123025894165,0.22074460983276367,1.870902180671692,114,0.1344003677368164,0.05503803864121437,0.06925444304943085,0.1261563003063202,16699,0.27409541606903076,0.0027869478799402714,
0.7307332158088684,47.152687072753906,2.9713525772094727,6.468496799468994,0.45935750007629395,1.3684885501861572,114,0.11558064073324203,0.05012630298733711,0.0684199184179306,0.12627999484539032,16749,0.24921999871730804,0.0024651275016367435,
,,,,,,115,0.12199236452579498,0.054753899574279785,0.06930191069841385,0.12877124547958374,16799,0.26174455881118774,0.0028192433528602123,
0.5453605651855469,44.757381439208984,1.0678966045379639,4.772653579711914,0.2237532138824463,1.8336492776870728,115,0.11169452965259552,0.05114315450191498,0.07034982740879059,0.13120408356189728,16849,0.249159038066864,0.0028511090204119682,
0.7226575613021851,23.18366241455078,1.0375242233276367,3.3319618701934814,0.3113853931427002,1.3837813138961792,115,0.1380230039358139,0.05814497545361519,0.06720175594091415,0.125115305185318,16899,0.27860212326049805,0.00272084167227149,
,,,,,,116,0.1277015507221222,0.05636465176939964,0.06938908994197845,0.12782226502895355,16949,0.26892346143722534,0.0026859785430133343,
0.5304600596427917,43.527191162109375,1.236093282699585,5.168044090270996,0.2391800880432129,1.8851560354232788,116,0.11510057747364044,0.04575502127408981,0.06815961003303528,0.12480415403842926,16999,0.2442307323217392,0.002735109766945243,
0.6615429520606995,23.876928329467773,0.9225170612335205,2.6058850288391113,0.35401296615600586,1.511617660522461,116,0.12550140917301178,0.0521310493350029,0.06953506916761398,0.12814271450042725,17049,0.26295286417007446,0.0029710461385548115,
,,,,,,117,0.14462855458259583,0.055007100105285645,0.0682063102722168,0.12605291604995728,17099,0.2834676206111908,0.0030203568749129772,
0.6550993323326111,47.37074279785156,2.562302589416504,10.606675148010254,0.24157452583312988,1.5264860391616821,117,0.11896450817584991,0.053533196449279785,0.06962572038173676,0.12810683250427246,17149,0.25786250829696655,0.0029284274205565453,
0.6953317523002625,22.589313507080078,0.9495465755462646,2.4539635181427,0.386944055557251,1.4381624460220337,117,0.12034578621387482,0.060458481311798096,0.06946425139904022,0.1287192404270172,17199,0.26597860455513,0.0028381722513586283,
,,,,,,118,0.11987783014774323,0.05180564522743225,0.07069149613380432,0.1306123435497284,17249,0.258576899766922,0.003140705171972513,
0.5729151368141174,42.172569274902344,1.2648746967315674,4.9901275634765625,0.2534754276275635,1.7454591989517212,118,0.11830538511276245,0.05088053643703461,0.06867906451225281,0.1250557154417038,17299,0.253192663192749,0.0028221039101481438,
0.7563270330429077,26.49186897277832,1.2390186786651611,3.4568684101104736,0.35842227935791016,1.3221793174743652,118,0.1250680536031723,0.05264607071876526,0.07032587379217148,0.13004110753536224,17349,0.26439645886421204,0.0033523859456181526,
,,,,,,119,0.12885966897010803,0.05641034245491028,0.06822897493839264,0.1259210705757141,17399,0.269095242023468,0.0030041548889130354,
0.6000432968139648,65.26917266845703,3.630941390991211,16.851255416870117,0.2154700756072998,1.6665464639663696,119,0.12574870884418488,0.05320730060338974,0.06727328151464462,0.12551231682300568,17449,0.2613396942615509,0.0025591952726244926,
0.666724681854248,23.33168601989746,0.9673218727111816,3.858630657196045,0.2506904602050781,1.499869465827942,119,0.1334344893693924,0.059424035251140594,0.0665130615234375,0.12235419452190399,17499,0.274240642786026,0.0026336186565458775,
,,,,,,120,0.11783087253570557,0.04973311349749565,0.06869310140609741,0.127232164144516,17549,0.2515442967414856,0.002563996473327279,
0.49968433380126953,49.22747039794922,1.2235445976257324,5.614095687866211,0.2179415225982666,2.0012636184692383,120,0.1283583641052246,0.04995314031839371,0.06872323900461197,0.1268756091594696,17599,0.2627740502357483,0.0030517568811774254,
0.6720082759857178,26.43817710876465,1.1776642799377441,3.7364838123321533,0.31517982482910156,1.48807692527771,120,0.12560270726680756,0.05380726978182793,0.06667614728212357,0.12326918542385101,17649,0.2612496316432953,0.002836623229086399,
,,,,,,121,0.11727166920900345,0.05328552797436714,0.06923726201057434,0.1283065378665924,17699,0.25551900267601013,0.0028938851319253445,
0.5581747889518738,49.76504135131836,2.5012545585632324,9.742631912231445,0.2567329406738281,1.7915533781051636,121,0.11817537248134613,0.056056372821331024,0.06830312311649323,0.12634335458278656,17749,0.2579888105392456,0.002819585846737027,
0.589603841304779,30.258075714111328,0.8805112838745117,3.6593127250671387,0.24062204360961914,1.6960539817810059,121,0.1282455325126648,0.05871153995394707,0.06746005266904831,0.1256161630153656,17799,0.2694883644580841,0.002509613521397114,
,,,,,,122,0.11751717329025269,0.05066412687301636,0.0682586058974266,0.12526704370975494,17849,0.25146180391311646,0.0024952138774096966,
0.593937873840332,37.09852981567383,1.0579302310943604,3.4477975368499756,0.3068423271179199,1.6836777925491333,122,0.12792126834392548,0.056961409747600555,0.06908111274242401,0.12770570814609528,17899,0.26938846707344055,0.0026541014667600393,
0.5560898780822754,30.50811004638672,0.89939284324646,3.6844024658203125,0.2441082000732422,1.7982704639434814,122,0.11779521405696869,0.04706685245037079,0.06866125762462616,0.1258339136838913,17949,0.2485021948814392,0.002395479241386056,
,,,,,,123,0.10194643586874008,0.05039435625076294,0.07192325592041016,0.13380376994609833,17999,0.24030448496341705,0.0026600509881973267,
,,,,,,123,,,,,17999,,,1.2001519203186035
0.5340925455093384,49.98039245605469,1.326608657836914,5.756924629211426,0.2304370403289795,1.8723348379135132,123,0.1217685118317604,0.05227629095315933,0.07039503753185272,0.129007488489151,18049,0.2602221369743347,0.0028815455734729767,
0.701371967792511,49.56891632080078,2.8021273612976074,9.692302703857422,0.2891085147857666,1.4257769584655762,123,0.12367059290409088,0.05295942723751068,0.06833963841199875,0.1249617338180542,18099,0.2604483962059021,0.0029825628735125065,
,,,,,,124,0.1287267506122589,0.05537956580519676,0.06985673308372498,0.12866076827049255,18149,0.2696298062801361,0.0028006855864077806,
0.5351805090904236,44.526771545410156,1.0564525127410889,4.802206993103027,0.21999311447143555,1.8685284852981567,124,0.14148950576782227,0.053889915347099304,0.06833532452583313,0.12669706344604492,18199,0.27899566292762756,0.002611209638416767,
0.7585249543190002,16.12151527404785,1.0292704105377197,2.3765766620635986,0.4330894947052002,1.3183481693267822,124,0.09433082491159439,0.054638102650642395,0.06559398025274277,0.12141864746809006,18249,0.22943398356437683,0.0027291905134916306,
,,,,,,125,0.12133468687534332,0.05504971742630005,0.06850984692573547,0.12616077065467834,18299,0.2601999044418335,0.002689579501748085,
0.5530440807342529,40.750980377197266,1.0687098503112793,4.0406928062438965,0.26448678970336914,1.8081741333007812,125,0.1250460147857666,0.054290175437927246,0.06860946863889694,0.12647175788879395,18349,0.26327651739120483,0.0026837107725441456,
,,,,,,126,0.12172290682792664,0.06256723403930664,0.06829410791397095,0.1254824846982956,18399,0.26770296692848206,0.0025704519357532263,
0.5666361451148987,41.36756134033203,1.0497124195098877,4.702528476715088,0.22322297096252441,1.764801025390625,126,0.12335531413555145,0.05269446596503258,0.07081528007984161,0.13128164410591125,18449,0.26290571689605713,0.00291250366717577,
0.6057005524635315,37.687957763671875,1.016181468963623,4.134123802185059,0.2458033561706543,1.650980830192566,126,0.1169424057006836,0.054432377219200134,0.0702790915966034,0.1310897320508957,18499,0.25739437341690063,0.002631550654768944,
,,,,,,127,0.12383051961660385,0.054178692400455475,0.06786713004112244,0.12631110846996307,18549,0.26115602254867554,0.0026485873386263847,
0.5613526701927185,42.605648040771484,1.0845060348510742,4.428582668304443,0.2448878288269043,1.7814112901687622,127,0.12062738835811615,0.049871306866407394,0.06925775110721588,0.1286381632089615,18599,0.25513043999671936,0.0025101504288613796,
0.614654541015625,27.497774124145508,0.948880672454834,3.6180689334869385,0.26226162910461426,1.6269301176071167,127,0.10665784776210785,0.05043436586856842,0.0689823254942894,0.1274641752243042,18649,0.24197879433631897,0.0031578203197568655,
,,,,,,128,0.12457334250211716,0.05889865756034851,0.0679265707731247,0.12577414512634277,18699,0.26640260219573975,0.0024266261607408524,
0.5519172549247742,44.492271423339844,1.1170525550842285,4.881082057952881,0.22885346412658691,1.8118656873703003,128,0.1230270117521286,0.051993243396282196,0.06928670406341553,0.12690335512161255,18749,0.2595030963420868,0.0025057995226234198,
0.5948867201805115,96.37134552001953,4.4374799728393555,17.634767532348633,0.2516324520111084,1.6809922456741333,128,0.11572390794754028,0.05474782735109329,0.06978757679462433,0.12814199924468994,18799,0.255684494972229,0.00261099636554718,
,,,,,,129,0.13386370241641998,0.054769597947597504,0.06892126798629761,0.1282883733510971,18849,0.2729087471961975,0.00252533215098083,
0.5273640155792236,50.06585693359375,1.444490671157837,6.405734062194824,0.22549962997436523,1.8962233066558838,129,0.12025068700313568,0.05406850576400757,0.06952177733182907,0.1273030936717987,18899,0.2593533992767334,0.0027821026742458344,
0.6089127659797668,23.979387283325195,0.9362227916717529,2.7714180946350098,0.3378136157989502,1.6422713994979858,129,0.12890984117984772,0.049872346222400665,0.0666777491569519,0.12343114614486694,18949,0.26079219579696655,0.0029891349840909243,
,,,,,,130,0.12097431719303131,0.05090861767530441,0.0678471252322197,0.12646988034248352,18999,0.2548368275165558,0.0024597877636551857,
0.4744746685028076,55.999481201171875,1.3327572345733643,6.274548530578613,0.21240687370300293,2.1075940132141113,130,0.12828272581100464,0.054590970277786255,0.06890525668859482,0.1269891858100891,19049,0.2669752538204193,0.0024973428808152676,
0.6011502146720886,35.67783737182617,0.9329979419708252,4.358711242675781,0.21405363082885742,1.6634776592254639,130,0.1181485652923584,0.0461595356464386,0.06616553664207458,0.12184817343950272,19099,0.24548663198947906,0.002828163094818592,
,,,,,,131,0.12467504292726517,0.05783916264772415,0.06897521018981934,0.1286398321390152,19149,0.2668587267398834,0.002505322452634573,
0.5556767582893372,96.5357894897461,5.002288341522217,23.530797958374023,0.2125847339630127,1.7996073961257935,131,0.11201899498701096,0.052410852164030075,0.071353979408741,0.1327923685312271,19199,0.25159668922424316,0.002533632330596447,
0.5610081553459167,26.585023880004883,0.8448712825775146,3.4979636669158936,0.2415323257446289,1.7825053930282593,131,0.12539255619049072,0.057891566306352615,0.06889349222183228,0.1261478066444397,19249,0.26735150814056396,0.002559126354753971,
,,,,,,132,0.12770286202430725,0.05157703161239624,0.06818972527980804,0.12761050462722778,19299,0.26295098662376404,0.002720289397984743,
0.5280714631080627,51.81548309326172,0.9733786582946777,4.75120210647583,0.20486998558044434,1.8936831951141357,132,0.13701874017715454,0.05500295013189316,0.06871170550584793,0.12764659523963928,19349,0.2762279808521271,0.0027299164794385433,
0.6121177077293396,30.771240234375,1.069228172302246,3.1135895252227783,0.34340691566467285,1.6336727142333984,132,0.11767863482236862,0.05293562263250351,0.06647138297557831,0.12356500327587128,19399,0.25198400020599365,0.0025418687146157026,
,,,,,,133,0.11043275892734528,0.05487629771232605,0.07181647419929504,0.1325846165418625,19449,0.2534945011138916,0.0031104893423616886,
0.519841194152832,67.31856536865234,2.667027473449707,12.520243644714355,0.21301722526550293,1.9236643314361572,133,0.11900843679904938,0.05077076703310013,0.06966003775596619,0.1283712238073349,19499,0.25477203726768494,0.002495687222108245,
0.6724736094474792,21.670991897583008,1.054391622543335,2.756622791290283,0.3824939727783203,1.4870473146438599,133,0.11563430726528168,0.05139259994029999,0.07046696543693542,0.1309339702129364,19549,0.25311121344566345,0.0025239167734980583,
,,,,,,134,0.12519602477550507,0.056905340403318405,0.0707295835018158,0.1294868290424347,19599,0.26872187852859497,0.002942254999652505,
0.4835572838783264,49.72536849975586,1.0219767093658447,4.907000541687012,0.2082691192626953,2.068007230758667,134,0.13786539435386658,0.05870535597205162,0.06998087465763092,0.12995360791683197,19649,0.2823008596897125,0.0027538789436221123,
0.6671859622001648,21.208148956298828,0.9196689128875732,2.9988322257995605,0.30667567253112793,1.4988324642181396,134,0.13562634587287903,0.05049830302596092,0.06851814687252045,0.12640216946601868,19699,0.2698504626750946,0.0025674300268292427,
,,,,,,135,0.11120278388261795,0.04646482318639755,0.06824471801519394,0.12456955760717392,19749,0.24055029451847076,0.0021810077596455812,
0.5076762437820435,48.79558181762695,1.2848799228668213,6.020532131195068,0.21341633796691895,1.969759225845337,135,0.1228233277797699,0.050596293061971664,0.06926935911178589,0.1283271312713623,19799,0.25821125507354736,0.002689535729587078,
0.7001821398735046,42.23617172241211,2.535780668258667,7.011407375335693,0.3616650104522705,1.4281998872756958,135,0.12179750204086304,0.052058517932891846,0.06908540427684784,0.12842532992362976,19849,0.2583000659942627,0.002516132313758135,
,,,,,,136,0.11321192979812622,0.05256678909063339,0.06960929930210114,0.12786079943180084,19899,0.25047925114631653,0.0023051551543176174,
0.5061060190200806,46.297794342041016,1.2371692657470703,5.667688846588135,0.21828460693359375,1.9758704900741577,136,0.13498857617378235,0.052209366112947464,0.0683223158121109,0.12618406116962433,19949,0.27116572856903076,0.003027067519724369,
0.5764464139938354,23.82056427001953,0.8448293209075928,2.4970428943634033,0.338331937789917,1.7347666025161743,136,0.11466199904680252,0.05226915329694748,0.06726837903261185,0.1246868222951889,19999,0.24945168197155,0.0027834668289870024,
,,,,,,136,,,,,19999,,,1.1746771335601807
,,,,,,137,0.1131139025092125,0.058763518929481506,0.07075285911560059,0.130337655544281,20049,0.25825658440589905,0.0025925205554813147,
0.539950430393219,43.29179000854492,1.2027461528778076,5.118185043334961,0.23499464988708496,1.8520218133926392,137,0.131661057472229,0.051302406936883926,0.06794293224811554,0.125510111451149,20099,0.26600182056427,0.0025443905033171177,
,,,,,,138,0.11764200776815414,0.0552479587495327,0.07157200574874878,0.13164545595645905,20149,0.2604234516620636,0.00279691512696445,
0.5127677917480469,49.804595947265625,1.1091485023498535,5.22308874130249,0.2123548984527588,1.9502005577087402,138,0.1256254017353058,0.056508034467697144,0.07195745408535004,0.1345071792602539,20199,0.2700690031051636,0.0025273547507822514,
0.7392851710319519,29.247983932495117,1.4170103073120117,4.047774791717529,0.35007143020629883,1.3526580333709717,138,0.1074429601430893,0.0488077737390995,0.06924261897802353,0.1268911212682724,20249,0.2404647320508957,0.0022822546306997538,
,,,,,,139,0.12294792383909225,0.05667482316493988,0.0691363662481308,0.12813225388526917,20299,0.26400646567344666,0.0024341209791600704,
0.5395368933677673,41.67352294921875,1.0003345012664795,4.705859661102295,0.2125720977783203,1.8534414768218994,139,0.13210885226726532,0.05354330688714981,0.06882992386817932,0.12668845057487488,20349,0.2702733278274536,0.003122393973171711,
0.8056245446205139,20.32355499267578,1.1831071376800537,3.0467793941497803,0.38831400871276855,1.241273045539856,139,0.11398553848266602,0.04938298091292381,0.06799274682998657,0.12461158633232117,20399,0.24636749923229218,0.0025450880639255047,
,,,,,,140,0.11919274926185608,0.05372012034058571,0.06885230541229248,0.12810716032981873,20449,0.25690722465515137,0.0023313553538173437,
0.5374070405960083,58.359779357910156,2.685544013977051,12.539799690246582,0.21416163444519043,1.8607869148254395,140,0.10975193232297897,0.05083553493022919,0.07043778896331787,0.13076592981815338,20499,0.24648982286453247,0.0023879867512732744,
0.7092423439025879,19.741247177124023,1.0067565441131592,2.7207014560699463,0.37003564834594727,1.4099552631378174,140,0.1304321587085724,0.05678897351026535,0.06689487397670746,0.12332729250192642,20549,0.26950886845588684,0.003060142509639263,
,,,,,,141,0.12494601309299469,0.054996177554130554,0.0687248483300209,0.1278121918439865,20599,0.26368072628974915,0.002232501283288002,
0.5178499221801758,39.30323028564453,1.0189704895019531,4.128786563873291,0.2467966079711914,1.9310613870620728,141,0.11111434549093246,0.04518601670861244,0.06804242730140686,0.12533216178417206,20649,0.23927149176597595,0.0023954790085554123,
0.6815600395202637,21.715402603149414,1.1048879623413086,3.046782970428467,0.3626408576965332,1.4672222137451172,141,0.12370476871728897,0.05131129175424576,0.06890980899333954,0.12679238617420197,20699,0.2595336437225342,0.002928540576249361,
,,,,,,142,0.13795143365859985,0.05399061739444733,0.06731188297271729,0.12479505687952042,20749,0.27406996488571167,0.0023365402594208717,
0.5426329970359802,43.518001556396484,1.3665151596069336,5.78048849105835,0.23640131950378418,1.842866063117981,142,0.11522874236106873,0.0529937744140625,0.06947819888591766,0.12809166312217712,20799,0.2529098689556122,0.002399986609816551,
0.7712770104408264,61.69061279296875,3.9672791957855225,9.381277084350586,0.4228932857513428,1.296550989151001,142,0.11415986716747284,0.05925624072551727,0.06936827301979065,0.12790825963020325,20849,0.25825968384742737,0.0026844609528779984,
,,,,,,143,0.11652258038520813,0.05184626206755638,0.07080516964197159,0.13034002482891083,20899,0.2548181414604187,0.002610159106552601,
0.5229254364967346,41.94038772583008,1.1737494468688965,5.3730669021606445,0.21845054626464844,1.912318468093872,143,0.1127985268831253,0.04952523857355118,0.06825562566518784,0.12470731139183044,20949,0.24542386829853058,0.0023737498559057713,
0.6884005665779114,24.296390533447266,1.021667718887329,2.575432538986206,0.3966975212097168,1.452642560005188,143,0.12351565062999725,0.051912546157836914,0.06988296657800674,0.12930315732955933,20999,0.260684996843338,0.0024435343220829964,
,,,,,,144,0.12358959019184113,0.055478379130363464,0.06813626736402512,0.12639859318733215,21049,0.26250749826431274,0.0026633632369339466,
0.5386061668395996,42.78853988647461,1.069650411605835,4.688440322875977,0.22814631462097168,1.8566440343856812,144,0.1205376386642456,0.05207166075706482,0.06656311452388763,0.12098440527915955,21099,0.25381237268447876,0.002541532274335623,
0.6690265536308289,50.94915771484375,2.6230201721191406,12.358469009399414,0.21224474906921387,1.4947088956832886,144,0.1326102614402771,0.058940716087818146,0.06660132855176926,0.12154491245746613,21149,0.2730121910572052,0.002705387771129608,
,,,,,,145,0.1168312206864357,0.04976451396942139,0.06872042268514633,0.12763826549053192,21199,0.25032883882522583,0.0022488385438919067,
0.5077165365219116,61.32926559448242,1.3031628131866455,6.317694664001465,0.20627188682556152,1.9696028232574463,145,0.1250476837158203,0.04910546913743019,0.0686367005109787,0.1267557442188263,21249,0.25780048966407776,0.0023350378032773733,
0.5772551894187927,33.893280029296875,0.8881382942199707,4.06047248840332,0.21872782707214355,1.7323360443115234,145,0.12011480331420898,0.05258019268512726,0.06616067886352539,0.1227312684059143,21299,0.2537345290184021,0.002605750458315015,
,,,,,,146,0.115841343998909,0.05316753685474396,0.06920759379863739,0.1288730949163437,21349,0.2535022795200348,0.002398491371423006,
0.4785234034061432,56.096065521240234,1.2643284797668457,6.250268936157227,0.2022838592529297,2.089761972427368,146,0.11461731791496277,0.0550844669342041,0.06806112825870514,0.1253092736005783,21399,0.25268039107322693,0.0023865622933954,
0.6006832122802734,33.746673583984375,0.9675893783569336,4.614409446716309,0.20968866348266602,1.6647710800170898,146,0.12437906861305237,0.05735556781291962,0.06762488931417465,0.12456634640693665,21449,0.2641758918762207,0.0023597460240125656,
,,,,,,147,0.11609417200088501,0.05067355930805206,0.06834252178668976,0.1252109557390213,21499,0.2500855028629303,0.002454168163239956,
0.47701096534729004,57.785194396972656,1.3000328540802002,6.7258405685424805,0.19328927993774414,2.0963878631591797,147,0.12346062064170837,0.05689229816198349,0.06944584846496582,0.12927354872226715,21549,0.2650872766971588,0.0023611339274793863,
0.6642051935195923,90.42536163330078,4.613598346710205,21.248401641845703,0.21712684631347656,1.5055588483810425,147,0.11253967881202698,0.046935074031353,0.06875953078269958,0.12654051184654236,21599,0.2432176172733307,0.0023292694240808487,
,,,,,,148,0.10085801035165787,0.04997853934764862,0.07203986495733261,0.1319555789232254,21649,0.23865564167499542,0.0025836615823209286,
0.5284682512283325,57.63913345336914,1.449188232421875,7.026401519775391,0.20624899864196777,1.8922611474990845,148,0.12111947685480118,0.05202103406190872,0.07064659893512726,0.12945005297660828,21699,0.259629487991333,0.0028973605949431658,
0.6188482046127319,26.53653335571289,1.025855541229248,2.745401620864868,0.37366318702697754,1.6159050464630127,148,0.11824150383472443,0.05212065204977989,0.06855282187461853,0.12378165125846863,21749,0.2539746165275574,0.0026815072633326054,
,,,,,,149,0.12575162947177887,0.05522334203124046,0.06999364495277405,0.12947574257850647,21799,0.2662097215652466,0.0022935261949896812,
0.570483386516571,46.57118225097656,1.3487825393676758,6.294720649719238,0.21427202224731445,1.752899408340454,149,0.1342548429965973,0.05241340771317482,0.06796309351921082,0.12432257831096649,21849,0.26978355646133423,0.0027199862524867058,
0.6461346745491028,24.774187088012695,0.9793102741241455,2.3674468994140625,0.41365671157836914,1.547664999961853,149,0.09419484436511993,0.05356624722480774,0.06537368893623352,0.12135782092809677,21899,0.22779367864131927,0.002523105125874281,
,,,,,,150,0.11607564240694046,0.053899750113487244,0.06810124963521957,0.12372559309005737,21949,0.2529981732368469,0.0025489830877631903,
0.5596621632575989,75.31543731689453,4.285560607910156,18.22789192199707,0.23511004447937012,1.7867921590805054,150,0.12244302779436111,0.05344174802303314,0.06821314990520477,0.12434029579162598,21999,0.2588713467121124,0.002339380793273449,
,,,,,,150,,,,,21999,,,1.2065045833587646
,,,,,,151,0.1191299706697464,0.0616946741938591,0.06799324601888657,0.12542006373405457,22049,0.264082133769989,0.002722254954278469,
0.4831483066082001,59.207550048828125,1.119457483291626,5.566251754760742,0.20111513137817383,2.0697579383850098,151,0.11969508230686188,0.051964208483695984,0.07047300040721893,0.1308344453573227,22099,0.2579611837863922,0.0027454523369669914,
0.5684724450111389,39.18498229980469,1.1733040809631348,5.488422393798828,0.21377801895141602,1.759100317955017,151,0.11316613107919693,0.05386638641357422,0.07035363465547562,0.12965445220470428,22149,0.25283879041671753,0.002487224992364645,
,,,,,,152,0.1211300790309906,0.05353938788175583,0.06759490072727203,0.12407702952623367,22199,0.25714898109436035,0.002476886846125126,
0.5168318748474121,60.836483001708984,1.2794623374938965,6.465062141418457,0.19790410995483398,1.9348652362823486,152,0.11997359991073608,0.04996228963136673,0.06891035288572311,0.12729494273662567,22249,0.254036009311676,0.002460276708006859,
0.5884141325950623,32.24193572998047,0.9962913990020752,3.72951078414917,0.2671372890472412,1.6994832754135132,152,0.1030128002166748,0.05036184936761856,0.06943715363740921,0.1280215084552765,22299,0.23846057057380676,0.002846607705578208,
,,,,,,153,0.12177196890115738,0.05837518721818924,0.06810804456472397,0.12414542585611343,22349,0.26296764612197876,0.002297904808074236,
0.5180220603942871,56.5074348449707,1.2064688205718994,5.807595252990723,0.20773983001708984,1.930419683456421,153,0.12015534192323685,0.051298558712005615,0.0691169872879982,0.12712283432483673,22399,0.25544488430023193,0.002161725191399455,
0.5951874256134033,34.37370300292969,0.9856338500976562,4.14125394821167,0.23800373077392578,1.680143117904663,153,0.11661310493946075,0.05516447126865387,0.06988826394081116,0.12801289558410645,22449,0.2569025158882141,0.002435393165796995,
,,,,,,154,0.13004767894744873,0.05411709100008011,0.068598672747612,0.12673990428447723,22499,0.2676188051700592,0.0021813716739416122,
0.5212618112564087,51.55290222167969,1.1309139728546143,5.302023410797119,0.21329855918884277,1.918421745300293,154,0.1170770674943924,0.05354311689734459,0.06977415084838867,0.12657389044761658,22549,0.2554895877838135,0.0024378662928938866,
0.7155628204345703,47.994754791259766,2.6881401538848877,7.106909275054932,0.37824320793151855,1.3975013494491577,154,0.12610562145709991,0.049516595900058746,0.06660237163305283,0.12238072603940964,22599,0.25717630982398987,0.0027136439457535744,
,,,,,,155,0.12158896774053574,0.05148432403802872,0.0678667351603508,0.12431401759386063,22649,0.25537392497062683,0.0020025044213980436,
0.5429654717445374,35.576263427734375,1.0103254318237305,4.436407566070557,0.22773504257202148,1.8417377471923828,155,0.12668713927268982,0.05393020436167717,0.06854665279388428,0.12627598643302917,22699,0.26396551728248596,0.0021739378571510315,
0.6641297340393066,27.53030776977539,1.0489015579223633,4.0765910148620605,0.25729870796203613,1.5057299137115479,155,0.11673946678638458,0.04593053460121155,0.0661163479089737,0.12105992436408997,22749,0.24341800808906555,0.0025256704539060593,
,,,,,,156,0.12690946459770203,0.05858738720417023,0.06953012943267822,0.12887488305568695,22799,0.27056071162223816,0.0026462427340447903,
0.4946500062942505,42.79131317138672,1.1096775531768799,4.799376487731934,0.23121285438537598,2.0216314792633057,156,0.11014992743730545,0.052060678601264954,0.07121837139129639,0.13174663484096527,22849,0.24895839393138885,0.0023547562304884195,
0.6734498739242554,25.852970123291016,1.2399017810821533,3.212425470352173,0.3859705924987793,1.4848915338516235,156,0.12382335960865021,0.05660751461982727,0.06812508404254913,0.12423773854970932,22899,0.2634236216545105,0.002443912671878934,
,,,,,,157,0.12454821914434433,0.05136619880795479,0.06849421560764313,0.12797489762306213,22949,0.25927525758743286,0.002069157548248768,
0.5673930048942566,45.840152740478516,2.024749517440796,9.24128246307373,0.21909832954406738,1.7624468803405762,157,0.13170117139816284,0.0542139932513237,0.06857594847679138,0.12734779715538025,22999,0.2694574296474457,0.0022315452806651592,
0.6836718320846558,24.4068546295166,1.2153851985931396,3.167188882827759,0.3837425708770752,1.462689995765686,157,0.11246470361948013,0.05175113305449486,0.06591496616601944,0.12217417359352112,23049,0.24471256136894226,0.0023643400054425,
,,,,,,158,0.10683324933052063,0.054317407310009,0.07152510434389114,0.13302597403526306,23099,0.24833416938781738,0.002355821430683136,
0.557762622833252,41.34307098388672,1.218820333480835,5.014122009277344,0.24307751655578613,1.7928773164749146,158,0.11768534034490585,0.05031910911202431,0.06920231133699417,0.12841591238975525,23149,0.2523939311504364,0.002345592249184847,
0.5509234070777893,32.55348587036133,0.9943180084228516,3.498650550842285,0.28420042991638184,1.8151342868804932,158,0.1125195100903511,0.05096297711133957,0.07048247009515762,0.13058066368103027,23199,0.24932649731636047,0.0023034752812236547,
,,,,,,159,0.11990709602832794,0.05628260597586632,0.07078678905963898,0.129317969083786,23249,0.2622929811477661,0.002384697552770376,
0.5415210127830505,72.56259155273438,3.4711861610412598,16.614715576171875,0.2089223861694336,1.8466503620147705,159,0.13519278168678284,0.057495810091495514,0.0695551410317421,0.12927000224590302,23299,0.27748507261276245,0.0023143324069678783,
0.5889683365821838,34.67028045654297,0.945671796798706,4.420879364013672,0.21391034126281738,1.697884202003479,159,0.1314447820186615,0.049800947308540344,0.06811252236366272,0.12634916603565216,23349,0.2646494209766388,0.002656253520399332,
,,,,,,160,0.10973303020000458,0.046697355806827545,0.06852324306964874,0.12577642500400543,23399,0.239627867937088,0.002096600830554962,
0.47781452536582947,58.270687103271484,1.2231800556182861,5.881227493286133,0.20798039436340332,2.092862367630005,160,0.11622356623411179,0.04913812875747681,0.06831606477499008,0.12630312144756317,23449,0.2486395686864853,0.002331478986889124,
0.632407546043396,32.53721618652344,1.0467352867126465,4.133767604827881,0.2532157897949219,1.5812588930130005,160,0.11915774643421173,0.05157218500971794,0.06915638595819473,0.12708471715450287,23499,0.25515830516815186,0.002563550602644682,
,,,,,,161,0.11248072981834412,0.05229879915714264,0.06933768093585968,0.1264147311449051,23549,0.2489076405763626,0.002148969564586878,
0.49840041995048523,54.09712600708008,1.2272453308105469,6.0374436378479,0.20327234268188477,2.0064189434051514,161,0.13301482796669006,0.0517989918589592,0.06834687292575836,0.126450315117836,23599,0.26844847202301025,0.002642754465341568,
0.7225320935249329,37.63520431518555,2.3021929264068604,6.847960472106934,0.33618664741516113,1.384021520614624,161,0.11366774141788483,0.0522347092628479,0.06752290576696396,0.12415055930614471,23649,0.2482483983039856,0.0024079903960227966,
,,,,,,162,0.10925672948360443,0.05749276280403137,0.07030349969863892,0.12924695014953613,23699,0.25228461623191833,0.00230691977776587,
0.5281845927238464,41.643699645996094,1.0285170078277588,4.337212562561035,0.2371377944946289,1.8932775259017944,162,0.13090172410011292,0.05093330889940262,0.06764765083789825,0.12478862702846527,23749,0.26465317606925964,0.002691663336008787,
,,,,,,163,0.11687832325696945,0.05431704223155975,0.07113432139158249,0.130743145942688,23799,0.257781058549881,0.0023770607076585293,
0.5285133123397827,39.75801086425781,1.1627845764160156,4.82708740234375,0.24088740348815918,1.8920998573303223,163,0.12374522536993027,0.05555059760808945,0.07116330415010452,0.13246667385101318,23849,0.26656094193458557,0.0028551421128213406,
0.7661837339401245,18.505374908447266,1.0476205348968506,2.228095769882202,0.4701864719390869,1.3051700592041016,163,0.10566271096467972,0.04809390753507614,0.06850464642047882,0.12696892023086548,23899,0.2375655174255371,0.002607357921078801,
