batch_time_avg,batch_time_cv_percent,batch_time_max,batch_time_max_min_ratio,batch_time_min,batches_per_second,epoch,l_cov,l_sd,step,train_loss,val_loss
,,,,,,0,189.55490112304688,775.1900634765625,49,964.7449340820312,
0.7497156858444214,43.53034210205078,2.815884590148926,5.498562812805176,0.5121128559112549,1.3338390588760376,0,192.4982452392578,681.8518676757812,99,874.35009765625,
0.6047884225845337,14.351775169372559,0.9816024303436279,2.0247232913970947,0.48480820655822754,1.653470754623413,0,175.175537109375,646.8399658203125,149,822.0155029296875,
,,,,,,1,179.72105407714844,631.5875244140625,199,811.30859375,
0.5364997386932373,17.180803298950195,0.9388628005981445,3.348986864089966,0.28034234046936035,1.8639339208602905,1,158.06044006347656,598.37109375,249,756.4315185546875,
0.615488588809967,13.738127708435059,0.8176918029785156,1.7145899534225464,0.4769022464752197,1.6247254610061646,1,175.8438720703125,629.958740234375,299,805.8026123046875,
0.5189820528030396,16.001489639282227,0.7312309741973877,1.6751644611358643,0.43651294708251953,1.9268490076065063,1,190.63351440429688,628.1801147460938,349,818.8135986328125,
,,,,,,2,174.76568603515625,593.333740234375,399,768.0994873046875,
0.529061496257782,19.475553512573242,1.0402193069458008,4.033764362335205,0.25787806510925293,1.8901393413543701,2,177.80381774902344,614.1143798828125,449,791.918212890625,
0.5111609101295471,17.1912784576416,1.0855352878570557,2.4185497760772705,0.4488372802734375,1.9563312530517578,2,154.6805419921875,576.16259765625,499,730.8432006835938,
,,,,,,3,182.96197509765625,583.0562744140625,549,766.018310546875,
0.5443138480186462,16.259380340576172,0.8375627994537354,3.235387086868286,0.25887560844421387,1.8371754884719849,3,184.3960418701172,591.3762817382812,599,775.7723388671875,
0.6040318608283997,14.363951683044434,1.0596461296081543,2.221735715866089,0.476945161819458,1.6555418968200684,3,175.25631713867188,579.3151245117188,649,754.5714111328125,
0.5000786185264587,12.969755172729492,0.6499273777008057,1.486732006072998,0.4371516704559326,1.999685525894165,3,206.54148864746094,570.7184448242188,699,777.2598876953125,
,,,,,,4,217.51681518554688,600.957763671875,749,818.4745483398438,
0.5693063139915466,26.564817428588867,1.2931780815124512,4.718984603881836,0.27403736114501953,1.756523609161377,4,172.16061401367188,565.9013671875,799,738.0619506835938,
0.5452128052711487,7.9382405281066895,0.6197912693023682,1.3658174276351929,0.45378780364990234,1.83414626121521,4,181.1009521484375,568.0706787109375,849,749.171630859375,
0.5141996145248413,15.12861442565918,0.8382573127746582,1.8731069564819336,0.4475224018096924,1.944770097732544,4,194.16757202148438,565.0880126953125,899,759.2555541992188,
,,,,,,5,162.87086486816406,534.7422485351562,949,697.6131591796875,
0.591403603553772,25.745126724243164,1.1334342956542969,4.355907917022705,0.2602062225341797,1.6908925771713257,5,191.57516479492188,581.205078125,999,772.7802734375,
0.6107311844825745,10.675129890441895,0.7702538967132568,1.58760404586792,0.4851675033569336,1.637381672859192,5,183.08673095703125,555.017333984375,1049,738.1040649414062,
,,,,,,6,196.7294464111328,540.773193359375,1099,737.5026245117188,
0.5252845883369446,23.665016174316406,1.321460485458374,4.838380813598633,0.2731204032897949,1.903729796409607,6,178.36949157714844,556.2880859375,1149,734.6575927734375,
0.5672567486763,10.303053855895996,0.7194011211395264,1.5315325260162354,0.4697263240814209,1.762870192527771,6,172.53282165527344,545.37548828125,1199,717.9083251953125,
0.5249544978141785,17.651208877563477,0.9370441436767578,2.0929431915283203,0.44771599769592285,1.9049268960952759,6,196.7442626953125,551.6502075195312,1249,748.3944091796875,
,,,,,,7,181.6564178466797,566.4909057617188,1299,748.1473388671875,
0.5647655129432678,25.11346435546875,1.0639917850494385,4.29410982131958,0.24777936935424805,1.770646333694458,7,182.0921173095703,548.40380859375,1349,730.4959716796875,
0.5537558794021606,10.937950134277344,0.7587966918945312,1.6658644676208496,0.45549726486206055,1.8058499097824097,7,192.66336059570312,580.2576904296875,1399,772.9210205078125,
0.47792375087738037,4.972528457641602,0.5608251094818115,1.2765772342681885,0.439319372177124,2.092383861541748,7,189.37222290039062,531.1624755859375,1449,720.5347290039062,
,,,,,,8,166.61029052734375,537.45068359375,1499,704.0609130859375,
0.5358348488807678,16.81566619873047,0.9554269313812256,3.445038080215454,0.27733421325683594,1.8662465810775757,8,192.371337890625,540.830322265625,1549,733.20166015625,
0.5859925746917725,10.956365585327148,0.8687117099761963,1.7405158281326294,0.4991116523742676,1.7065062522888184,8,167.93995666503906,529.3473510742188,1599,697.287353515625,
,,,,,,9,200.8763427734375,546.0795288085938,1649,746.9559326171875,
0.5910918116569519,30.356191635131836,1.3404464721679688,5.2930145263671875,0.2532482147216797,1.6917845010757446,9,193.4629669189453,554.0355224609375,1699,747.49853515625,
0.5749287605285645,7.370553970336914,0.6950163841247559,1.4012365341186523,0.496002197265625,1.7393460273742676,9,179.22933959960938,532.5728759765625,1749,711.80224609375,
0.4868566393852234,5.888617515563965,0.5829548835754395,1.2998226881027222,0.4484879970550537,2.053992748260498,9,195.32672119140625,534.9088134765625,1799,730.235595703125,
,,,,,,10,181.07791137695312,551.2379150390625,1849,732.3157958984375,
0.5329691767692566,13.785751342773438,0.6717767715454102,2.677457809448242,0.2509009838104248,1.8762810230255127,10,183.20205688476562,532.00537109375,1899,715.2073974609375,
0.6231407523155212,18.51261329650879,1.1774239540100098,2.44984769821167,0.48061108589172363,1.6047738790512085,10,176.7740020751953,535.8699951171875,1949,712.64404296875,
0.5384249687194824,15.323370933532715,0.7975261211395264,1.7396103143692017,0.4584510326385498,1.857269048690796,10,191.3038330078125,547.1279296875,1999,738.4317626953125,
,,,,,,10,,,1999,,631.8251953125
,,,,,,11,176.16900634765625,523.5994873046875,2049,699.7685546875,
0.5424769520759583,18.618515014648438,0.8107154369354248,2.9872214794158936,0.2713944911956787,1.8433963060379028,11,170.64895629882812,539.0162963867188,2099,709.665283203125,
0.5799986124038696,22.055526733398438,1.3765487670898438,2.9837379455566406,0.4613504409790039,1.7241421937942505,11,176.52423095703125,533.7512817382812,2149,710.2755737304688,
,,,,,,12,187.5883331298828,524.232421875,2199,711.8207397460938,
0.5315846800804138,14.780352592468262,0.8493430614471436,3.030916690826416,0.280226469039917,1.8811677694320679,12,208.2696533203125,549.2738647460938,2249,757.5435791015625,
0.6364088654518127,21.64933204650879,1.0169117450714111,2.1305348873138428,0.47730350494384766,1.5713168382644653,12,163.01028442382812,526.0648193359375,2299,689.0750732421875,
0.5012428164482117,14.023907661437988,0.8046162128448486,1.824992299079895,0.440887451171875,1.995041012763977,12,185.02191162109375,533.616943359375,2349,718.6387939453125,
,,,,,,13,186.55032348632812,537.0775756835938,2399,723.6279296875,
0.5478309392929077,25.48239517211914,1.5909428596496582,5.795082092285156,0.2745332717895508,1.825380563735962,13,179.537353515625,528.2724609375,2449,707.809814453125,
0.5534068942070007,11.15934944152832,0.6970272064208984,1.525069236755371,0.4570462703704834,1.8069887161254883,13,176.12454223632812,530.3165893554688,2499,706.441162109375,
,,,,,,14,194.68228149414062,553.4854736328125,2549,748.167724609375,
0.5024105310440063,9.187521934509277,0.6096670627593994,2.210578680038452,0.27579522132873535,1.9904040098190308,14,176.54209899902344,522.310791015625,2599,698.8529052734375,
0.5749842524528503,12.918415069580078,0.8456809520721436,1.8042340278625488,0.4687201976776123,1.7391780614852905,14,187.03585815429688,504.24725341796875,2649,691.2830810546875,
0.5212135910987854,14.0679349899292,0.7123434543609619,1.5877896547317505,0.4486384391784668,1.9185993671417236,14,177.59634399414062,527.5787353515625,2699,705.1751098632812,
,,,,,,15,180.66769409179688,506.5548095703125,2749,687.2224731445312,
0.5325637459754944,15.772265434265137,0.7098901271820068,2.555813789367676,0.2777550220489502,1.8777095079421997,15,180.86888122558594,513.7651977539062,2799,694.6341552734375,
0.5450466871261597,14.456931114196777,0.8642170429229736,1.9122271537780762,0.45194268226623535,1.8347052335739136,15,164.40640258789062,517.941162109375,2849,682.3475952148438,
0.5334694981575012,15.995575904846191,0.8123874664306641,1.811713457107544,0.4484083652496338,1.8745214939117432,15,179.21908569335938,523.5172119140625,2899,702.7362060546875,
,,,,,,16,187.76724243164062,522.174072265625,2949,709.9413452148438,
0.5099512934684753,10.975503921508789,0.729414701461792,2.6709272861480713,0.27309417724609375,1.960971713066101,16,195.10052490234375,512.84765625,2999,707.9481201171875,
0.570666491985321,13.76350212097168,0.7562203407287598,1.6015788316726685,0.4721717834472656,1.7523369789123535,16,188.53857421875,513.7203369140625,3049,702.2589111328125,
,,,,,,17,187.0132598876953,529.5980224609375,3099,716.6112670898438,
0.5303143262863159,17.509593963623047,1.1354715824127197,3.9455902576446533,0.2877824306488037,1.8856741189956665,17,192.8951416015625,521.9208984375,3149,714.8160400390625,
0.5243295431137085,8.6878662109375,0.6578032970428467,1.465984582901001,0.44871091842651367,1.9071975946426392,17,175.65249633789062,500.9239196777344,3199,676.576416015625,
0.5254059433937073,15.282952308654785,0.8194384574890137,1.837973713874817,0.44583797454833984,1.9032902717590332,17,185.4486083984375,513.0803833007812,3249,698.5289306640625,
,,,,,,18,181.83938598632812,483.09722900390625,3299,664.9366455078125,
0.5293632745742798,12.714892387390137,0.7518980503082275,2.618344783782959,0.28716540336608887,1.8890618085861206,18,171.72848510742188,519.8658447265625,3349,691.5943603515625,
0.596092700958252,16.014204025268555,0.8508479595184326,1.8839218616485596,0.45163655281066895,1.6775914430618286,18,176.75218200683594,515.1885986328125,3399,691.9407958984375,
0.5133870244026184,20.36569595336914,1.1231184005737305,2.5288193225860596,0.44412755966186523,1.9478482007980347,18,190.4661102294922,503.0601806640625,3449,693.5263061523438,
,,,,,,19,196.57080078125,505.3783874511719,3499,701.9491577148438,
0.5401325225830078,17.593576431274414,0.8473994731903076,3.315025568008423,0.25562381744384766,1.8513976335525513,19,194.6760711669922,517.806396484375,3549,712.4825439453125,
0.5162177681922913,8.212051391601562,0.6334192752838135,1.430164098739624,0.4428997039794922,1.9371669292449951,19,184.54446411132812,511.3048400878906,3599,695.8493041992188,
,,,,,,20,184.0047149658203,511.61798095703125,3649,695.6227416992188,
0.5452002882957458,17.189210891723633,0.9175865650177002,3.460338592529297,0.26517248153686523,1.8341882228851318,20,183.8853759765625,514.990478515625,3699,698.8758544921875,
0.6023467183113098,23.77906036376953,1.4399170875549316,3.0709218978881836,0.4688875675201416,1.6601734161376953,20,184.7782745361328,517.1328125,3749,701.9111328125,
0.5011612772941589,14.383771896362305,0.8678891658782959,1.9506150484085083,0.4449310302734375,1.9953657388687134,20,197.079833984375,515.2587890625,3799,712.3385620117188,
,,,,,,21,185.7947998046875,506.29010009765625,3849,692.0848999023438,
0.49276039004325867,11.483675956726074,0.6923234462738037,2.6680550575256348,0.25948619842529297,2.029383897781372,21,192.14718627929688,511.43780517578125,3899,703.5849609375,
0.5436672568321228,12.644702911376953,0.7195141315460205,1.589309811592102,0.45272111892700195,1.8393604755401611,21,174.2779998779297,486.70556640625,3949,660.9835205078125,
0.5623825788497925,26.075714111328125,1.1920664310455322,2.5578792095184326,0.4660370349884033,1.7781490087509155,21,178.79739379882812,503.5526123046875,3999,682.3499755859375,
,,,,,,21,,,3999,,617.59423828125
,,,,,,22,187.54173278808594,526.4972534179688,4049,714.0389404296875,
0.5242627859115601,13.290521621704102,0.688260555267334,2.7307887077331543,0.25203728675842285,1.9074403047561646,22,185.1290283203125,507.869873046875,4099,692.9989013671875,
0.5843027830123901,19.79869842529297,1.1131296157836914,2.3954315185546875,0.4646885395050049,1.7114413976669312,22,191.36192321777344,506.27789306640625,4149,697.6398315429688,
,,,,,,23,204.94113159179688,514.5849609375,4199,719.526123046875,
0.5170446634292603,11.003564834594727,0.700007438659668,2.507761001586914,0.27913641929626465,1.9340689182281494,23,203.98805236816406,494.3747253417969,4249,698.36279296875,
0.5769037008285522,14.639436721801758,0.8303163051605225,1.7979817390441895,0.4618046283721924,1.7333916425704956,23,170.43124389648438,489.2402648925781,4299,659.6715087890625,
0.5016281604766846,10.843583106994629,0.6752710342407227,1.5057493448257446,0.44846177101135254,1.9935084581375122,23,178.15325927734375,495.75775146484375,4349,673.9110107421875,
,,,,,,24,169.49920654296875,494.9326171875,4399,664.431884765625,
0.5425227284431458,16.40599822998047,0.8397929668426514,3.0350799560546875,0.27669548988342285,1.8432406187057495,24,180.1561279296875,517.0430297851562,4449,697.1991577148438,
0.5730908513069153,17.81241226196289,1.1983213424682617,2.5221481323242188,0.47511935234069824,1.7449239492416382,24,174.26095581054688,498.8569641113281,4499,673.117919921875,
0.5059543251991272,10.826257705688477,0.6678075790405273,1.4997223615646362,0.44528746604919434,1.976462960243225,24,178.641357421875,509.5445251464844,4549,688.1858520507812,
,,,,,,25,187.599853515625,535.3115844726562,4599,722.911376953125,
0.5130773782730103,10.360818862915039,0.6496460437774658,2.302387237548828,0.2821619510650635,1.9490236043930054,25,188.33763122558594,514.8969116210938,4649,703.2345581054688,
0.6100187301635742,18.85578727722168,0.9058325290679932,1.9905083179473877,0.4550759792327881,1.639293909072876,25,173.45230102539062,506.8351135253906,4699,680.2874145507812,
,,,,,,26,176.30838012695312,504.12335205078125,4749,680.4317626953125,
0.5482921600341797,20.935932159423828,1.1957998275756836,4.558660984039307,0.2623138427734375,1.8238452672958374,26,156.8763427734375,475.25091552734375,4799,632.1273193359375,
0.539886474609375,10.28338623046875,0.7079737186431885,1.5654460191726685,0.45225048065185547,1.8522412776947021,26,172.29153442382812,513.5908203125,4849,685.8823852539062,
0.5029048919677734,8.927229881286621,0.6149787902832031,1.3574395179748535,0.45304322242736816,1.9884475469589233,26,187.6723175048828,516.7392578125,4899,704.4115600585938,
,,,,,,27,171.8140869140625,496.4456481933594,4949,668.259765625,
0.5102847814559937,11.112556457519531,0.6878166198730469,2.5018858909606934,0.2749192714691162,1.959689974784851,27,176.50167846679688,509.06951904296875,4999,685.5711669921875,
0.5932844281196594,23.417999267578125,1.1524274349212646,2.492023468017578,0.4624464511871338,1.6855320930480957,27,156.57672119140625,491.76080322265625,5049,648.3375244140625,
,,,,,,28,181.64630126953125,501.16375732421875,5099,682.81005859375,
0.5247904062271118,20.41199493408203,1.2144312858581543,4.203577995300293,0.28890419006347656,1.9055227041244507,28,184.4829559326172,502.3399963378906,5149,686.822998046875,
0.513262152671814,9.714768409729004,0.7232744693756104,1.5967010259628296,0.45298051834106445,1.948322057723999,28,174.12564086914062,489.8785095214844,5199,664.004150390625,
0.5236912369728088,14.39461898803711,0.8640592098236084,1.9114805459976196,0.45203661918640137,1.9095221757888794,28,207.57351684570312,500.7095642089844,5249,708.2830810546875,
,,,,,,29,217.06414794921875,524.82568359375,5299,741.8897705078125,
0.5297423005104065,12.454304695129395,0.736055850982666,2.497004985809326,0.29477548599243164,1.8877102136611938,29,172.38699340820312,495.7525939941406,5349,668.1396484375,
0.6029118299484253,18.874652862548828,0.8991875648498535,1.9229909181594849,0.46759843826293945,1.6586172580718994,29,183.97117614746094,505.63818359375,5399,689.609375,
0.49706438183784485,11.803692817687988,0.6668601036071777,1.5191214084625244,0.4389774799346924,2.0118117332458496,29,192.9198760986328,494.8201904296875,5449,687.7401123046875,
,,,,,,30,161.89068603515625,481.60565185546875,5499,643.496337890625,
0.5469971299171448,21.3438777923584,1.243434190750122,4.421061992645264,0.281252384185791,1.8281631469726562,30,188.6594696044922,517.1926879882812,5549,705.8521728515625,
0.5431419610977173,12.517110824584961,0.7712969779968262,1.6648178100585938,0.46329212188720703,1.841139316558838,30,186.4605712890625,505.51385498046875,5599,691.974365234375,
,,,,,,31,193.09298706054688,476.5950927734375,5649,669.6881103515625,
0.5183388590812683,11.230010986328125,0.6653721332550049,2.3207550048828125,0.28670501708984375,1.9292398691177368,31,177.01214599609375,503.4541320800781,5699,680.46630859375,
0.5819032788276672,12.8714017868042,0.7452788352966309,1.5769712924957275,0.47260141372680664,1.718498706817627,31,170.18081665039062,494.9263610839844,5749,665.107177734375,
0.5060865879058838,13.168831825256348,0.6939301490783691,1.5911152362823486,0.4361281394958496,1.9759465456008911,31,194.99667358398438,498.6886901855469,5799,693.6853637695312,
,,,,,,32,178.2981719970703,498.0427551269531,5849,676.3409423828125,
0.5348717570304871,15.693098068237305,0.7675654888153076,2.9850664138793945,0.25713515281677246,1.8696070909500122,32,181.04681396484375,498.5622253417969,5899,679.6090698242188,
0.5415315628051758,11.674588203430176,0.7346377372741699,1.6014208793640137,0.4587411880493164,1.8466143608093262,32,189.617431640625,524.4729614257812,5949,714.0904541015625,
0.5337948203086853,15.341556549072266,0.7576532363891602,1.6690956354141235,0.4539303779602051,1.8733789920806885,32,194.0642547607422,484.946044921875,5999,679.0103149414062,
,,,,,,32,,,5999,,603.9100341796875
,,,,,,33,165.19400024414062,491.2314147949219,6049,656.4254150390625,
0.5300362706184387,12.376524925231934,0.6434853076934814,2.4150283336639404,0.2664504051208496,1.8866633176803589,33,188.72216796875,493.3760681152344,6099,682.0982666015625,
0.5949633717536926,18.639446258544922,0.9209411144256592,1.982380986213684,0.46456313133239746,1.680775761604309,33,170.54794311523438,490.5984802246094,6149,661.1463623046875,
,,,,,,34,204.9709930419922,505.1348876953125,6199,710.1058349609375,
0.5272454023361206,13.37760066986084,0.7478983402252197,2.6889638900756836,0.2781362533569336,1.896649956703186,34,192.08370971679688,497.1916809082031,6249,689.275390625,
0.5431420207023621,12.414488792419434,0.687213659286499,1.5464897155761719,0.4443700313568115,1.8411390781402588,34,179.4647216796875,497.6039733886719,6299,677.0687255859375,
0.5162875652313232,14.167827606201172,0.7527260780334473,1.6836868524551392,0.4470701217651367,1.936905026435852,34,195.32858276367188,489.9981994628906,6349,685.3267822265625,
,,,,,,35,179.91635131835938,513.5245361328125,6399,693.44091796875,
0.5513386726379395,18.112049102783203,0.9467108249664307,3.8095901012420654,0.24850726127624512,1.8137671947479248,35,183.24530029296875,497.0992126464844,6449,680.344482421875,
0.6083834767341614,33.144981384277344,1.9134342670440674,4.010460376739502,0.4771108627319336,1.643700122833252,35,173.16421508789062,499.60955810546875,6499,672.7738037109375,
0.5005281567573547,13.877043724060059,0.7041821479797363,1.602483868598938,0.43943166732788086,1.9978896379470825,35,188.15199279785156,510.90277099609375,6549,699.0547485351562,
,,,,,,36,174.82455444335938,488.00628662109375,6599,662.830810546875,
0.5135353207588196,12.610568046569824,0.696784496307373,2.549053907394409,0.27335023880004883,1.947285771369934,36,169.36935424804688,499.4063720703125,6649,668.7756958007812,
0.5259429812431335,11.527812957763672,0.6921391487121582,1.556090235710144,0.444793701171875,1.9013468027114868,36,179.7567138671875,499.4439697265625,6699,679.20068359375,
,,,,,,37,188.02554321289062,496.82684326171875,6749,684.8524169921875,
0.5226079225540161,11.731294631958008,0.6587743759155273,2.387727737426758,0.27590012550354004,1.913480281829834,37,206.6197052001953,515.7113037109375,6799,722.3309936523438,
0.5555617213249207,28.68901252746582,1.5710127353668213,3.464794635772705,0.45342159271240234,1.7999800443649292,37,164.24903869628906,494.76678466796875,6849,659.015869140625,
0.5125780701637268,12.946352005004883,0.7376885414123535,1.6645524501800537,0.4431753158569336,1.9509222507476807,37,181.6985626220703,496.8258361816406,6899,678.5244140625,
,,,,,,38,186.42019653320312,503.931884765625,6949,690.3521118164062,
0.5097900629043579,12.280315399169922,0.7306933403015137,2.6305580139160156,0.2777712345123291,1.9615918397903442,38,177.93606567382812,498.98602294921875,6999,676.9220581054688,
0.5303274989128113,11.651885032653809,0.735797643661499,1.6571199893951416,0.44402194023132324,1.885627269744873,38,176.13192749023438,493.14605712890625,7049,669.2779541015625,
,,,,,,39,197.43560791015625,521.9619750976562,7099,719.3975830078125,
0.5296231508255005,14.2149658203125,0.675161600112915,2.693835973739624,0.25063204765319824,1.8881349563598633,39,173.0442657470703,494.00860595703125,7149,667.0529174804688,
0.6034670472145081,25.26978302001953,1.5033082962036133,3.176931381225586,0.47319507598876953,1.6570913791656494,39,182.29493713378906,469.8235778808594,7199,652.1185302734375,
0.49820730090141296,8.118194580078125,0.599625825881958,1.357216477394104,0.4418056011199951,2.0071966648101807,39,174.07513427734375,502.142333984375,7249,676.2174072265625,
,,,,,,40,179.31927490234375,486.90625,7299,666.2255249023438,
0.5337059497833252,14.397701263427734,0.7590177059173584,2.682827949523926,0.2829170227050781,1.8736908435821533,40,180.57745361328125,486.4557189941406,7349,667.033203125,
0.5479435920715332,14.415685653686523,0.70564866065979,1.6015503406524658,0.44060349464416504,1.825005292892456,40,164.95700073242188,498.2437744140625,7399,663.2008056640625,
0.5333763957023621,14.67535400390625,0.804868221282959,1.7600857019424438,0.4572892189025879,1.8748486042022705,40,178.0001220703125,496.151611328125,7449,674.1517333984375,
,,,,,,41,186.5337677001953,497.958984375,7499,684.49267578125,
0.5417466163635254,15.904250144958496,0.8624041080474854,3.2320680618286133,0.2668273448944092,1.8458813428878784,41,195.03778076171875,494.8343505859375,7549,689.8721313476562,
0.5948026776313782,13.833327293395996,0.8380088806152344,1.7784236669540405,0.4712088108062744,1.681229829788208,41,189.10009765625,491.9968566894531,7599,681.096923828125,
,,,,,,42,185.5011444091797,509.4959411621094,7649,694.9970703125,
0.5382667183876038,15.499316215515137,0.8069913387298584,2.921811819076538,0.2761955261230469,1.857815146446228,42,191.771728515625,500.0478515625,7699,691.819580078125,
0.558377742767334,14.405436515808105,0.7957584857940674,1.7205363512039185,0.4625060558319092,1.7909022569656372,42,176.59463500976562,482.6746520996094,7749,659.269287109375,
0.5398998260498047,16.553924560546875,0.7942638397216797,1.7500983476638794,0.4538395404815674,1.852195382118225,42,184.78982543945312,494.8595275878906,7799,679.6493530273438,
,,,,,,43,179.83749389648438,465.81585693359375,7849,645.6533813476562,
0.5399409532546997,18.33258056640625,1.1453356742858887,4.050207138061523,0.28278446197509766,1.852054476737976,43,170.62281799316406,497.2846374511719,7899,667.907470703125,
0.5596771240234375,13.75839614868164,0.7670083045959473,1.6430283784866333,0.4668259620666504,1.786744475364685,43,176.33108520507812,498.3992614746094,7949,674.7303466796875,
0.5245384573936462,19.549720764160156,0.8505468368530273,1.9399385452270508,0.43844008445739746,1.906437873840332,43,189.88864135742188,483.81573486328125,7999,673.7044067382812,
,,,,,,43,,,7999,,599.10107421875
,,,,,,44,197.9180145263672,487.9170837402344,8049,685.8350830078125,
0.5295071601867676,13.513824462890625,0.7134613990783691,2.6127431392669678,0.2730698585510254,1.8885486125946045,44,191.37939453125,496.78753662109375,8099,688.1669921875,
0.5543085932731628,14.60376262664795,0.8117437362670898,1.7680470943450928,0.4591188430786133,1.8040492534637451,44,187.18930053710938,497.662109375,8149,684.8513793945312,
,,,,,,45,183.42857360839844,496.70166015625,8199,680.1302490234375,
0.5337379574775696,16.44792938232422,0.7896990776062012,2.8189642429351807,0.2801380157470703,1.8735785484313965,45,183.69712829589844,497.221923828125,8249,680.9190673828125,
0.5284470319747925,9.550077438354492,0.7277932167053223,1.6232903003692627,0.44834446907043457,1.8923373222351074,45,186.76943969726562,500.8734130859375,8299,687.642822265625,
0.517618715763092,19.422496795654297,1.0688767433166504,2.3790361881256104,0.44928979873657227,1.9319239854812622,45,193.88436889648438,497.28076171875,8349,691.1651000976562,
,,,,,,46,182.75515747070312,486.7680969238281,8399,669.5232543945312,
0.5245404839515686,14.329720497131348,0.7242205142974854,2.614443063735962,0.2770075798034668,1.9064304828643799,46,190.9513702392578,495.40582275390625,8449,686.3572387695312,
0.570155918598175,13.974708557128906,0.7745349407196045,1.6465425491333008,0.4704008102416992,1.75390625,46,171.03883361816406,469.23876953125,8499,640.277587890625,
0.5397803783416748,23.13802146911621,1.2772080898284912,2.7959110736846924,0.45681285858154297,1.8526052236557007,46,180.29335021972656,490.33819580078125,8549,670.6314697265625,
,,,,,,47,191.22633361816406,523.2893676757812,8599,714.5156860351562,
0.5331594944000244,16.16710090637207,0.720757246017456,2.704017162322998,0.26655054092407227,1.875611424446106,47,183.26971435546875,493.1851501464844,8649,676.454833984375,
0.5479581952095032,14.932677268981934,0.8711204528808594,1.900260090827942,0.4584217071533203,1.8249566555023193,47,192.78408813476562,497.65789794921875,8699,690.4420166015625,
,,,,,,48,203.18150329589844,495.39215087890625,8749,698.5736083984375,
0.5229194164276123,12.398064613342285,0.7228972911834717,2.543321371078491,0.28423357009887695,1.912340521812439,48,203.0731201171875,482.14447021484375,8799,685.217529296875,
0.5873620510101318,16.06974983215332,0.8028151988983154,1.7749989032745361,0.45229053497314453,1.702527403831482,48,172.07467651367188,476.3616943359375,8849,648.4364013671875,
0.5211171507835388,14.937945365905762,0.7455418109893799,1.698219895362854,0.4390137195587158,1.9189543724060059,48,179.4657440185547,485.03497314453125,8899,664.500732421875,
,,,,,,49,166.92172241210938,481.68304443359375,8949,648.604736328125,
0.5456617474555969,20.178691864013672,0.8899898529052734,3.4062180519104004,0.26128387451171875,1.8326371908187866,49,179.55596923828125,505.4921875,8999,685.0482177734375,
0.5424255728721619,9.600512504577637,0.6931591033935547,1.524041771888733,0.4548163414001465,1.8435709476470947,49,173.18414306640625,490.5015563964844,9049,663.6856689453125,
0.5217145681381226,13.758455276489258,0.741734504699707,1.6439385414123535,0.45119357109069824,1.9167568683624268,49,175.1553955078125,491.419677734375,9099,666.5750732421875,
,,,,,,50,188.3883056640625,523.6470947265625,9149,712.035400390625,
0.517980694770813,17.601943969726562,1.0376265048980713,3.6664507389068604,0.2830057144165039,1.93057382106781,50,188.94699096679688,516.7323608398438,9199,705.6793823242188,
0.6015766859054565,34.61328887939453,1.8668103218078613,4.176538467407227,0.4469754695892334,1.662298560142517,50,174.79014587402344,499.8446044921875,9249,674.634765625,
,,,,,,51,174.9220733642578,491.22113037109375,9299,666.1431884765625,
0.5520086884498596,20.215808868408203,0.9705538749694824,3.7771825790405273,0.25695180892944336,1.8115657567977905,51,158.02597045898438,466.9945068359375,9349,625.0205078125,
0.5427135825157166,11.341896057128906,0.7204909324645996,1.5755974054336548,0.45728111267089844,1.8425925970077515,51,171.49224853515625,505.6059265136719,9399,677.0982055664062,
0.5045356154441833,11.334382057189941,0.7020885944366455,1.5797799825668335,0.44442176818847656,1.982020616531372,51,187.87451171875,507.5717468261719,9449,695.4462890625,
,,,,,,52,172.14288330078125,484.9574279785156,9499,657.1002807617188,
0.5211793184280396,15.665698051452637,0.8759796619415283,3.171929359436035,0.2761662006378174,1.9187253713607788,52,174.4125518798828,495.94964599609375,9549,670.3622436523438,
0.5827748775482178,13.96438217163086,0.8799762725830078,1.8609381914138794,0.4728670120239258,1.7159284353256226,52,155.387939453125,479.64215087890625,9599,635.030029296875,
,,,,,,53,182.09649658203125,490.7301025390625,9649,672.8265380859375,
0.5454925298690796,20.553565979003906,1.0542328357696533,3.9200568199157715,0.2689330577850342,1.8332056999206543,53,183.60476684570312,492.5437927246094,9699,676.1484985351562,
0.5233381986618042,8.990608215332031,0.624190092086792,1.4151339530944824,0.4410820007324219,1.9108102321624756,53,172.05035400390625,480.46923828125,9749,652.5195922851562,
0.5364274978637695,20.11737632751465,1.0036344528198242,2.224213123321533,0.4512312412261963,1.864184856414795,53,201.50027465820312,484.944091796875,9799,686.4443359375,
,,,,,,54,217.81625366210938,516.2647705078125,9849,734.0810546875,
0.5205576419830322,21.175695419311523,1.3169519901275635,4.509103775024414,0.2920651435852051,1.9210169315338135,54,171.42156982421875,485.553955078125,9899,656.9754638671875,
0.5927596092224121,15.321022987365723,0.8211092948913574,1.736365556716919,0.47288966178894043,1.687024474143982,54,181.8089141845703,494.30523681640625,9949,676.1141357421875,
0.4993404150009155,13.12588119506836,0.6758739948272705,1.5431729555130005,0.4379768371582031,2.0026419162750244,54,193.193603515625,487.5524597167969,9999,680.74609375,
,,,,,,54,,,9999,,597.8232421875
,,,,,,55,162.66464233398438,472.5208740234375,10049,635.185546875,
0.535040020942688,13.859358787536621,0.7181267738342285,2.5376510620117188,0.2829887866973877,1.8690190315246582,55,187.2425079345703,506.85833740234375,10099,694.1008911132812,
0.5558121204376221,21.5690975189209,1.0993192195892334,2.4912359714508057,0.44127464294433594,1.7991690635681152,55,186.58251953125,498.6155090332031,10149,685.197998046875,
,,,,,,56,193.36013793945312,468.2939147949219,10199,661.654052734375,
0.5445891618728638,20.549293518066406,1.3088130950927734,5.2778801918029785,0.24798083305358887,1.8362466096878052,56,174.9430694580078,496.576904296875,10249,671.52001953125,
0.557327926158905,13.540946006774902,0.7825143337249756,1.6615458726882935,0.47095561027526855,1.7942757606506348,56,167.49258422851562,487.5515441894531,10299,655.044189453125,
0.4899323284626007,9.518553733825684,0.6204261779785156,1.4010735750198364,0.4428219795227051,2.0410983562469482,56,192.91629028320312,493.357666015625,10349,686.27392578125,
,,,,,,57,181.0288543701172,491.6488342285156,10399,672.6776733398438,
0.5209641456604004,13.868629455566406,0.7082023620605469,2.428252696990967,0.29165101051330566,1.919517993927002,57,181.8157501220703,492.879638671875,10449,674.6954345703125,
0.543738603591919,12.794424057006836,0.7671904563903809,1.728837490081787,0.44376087188720703,1.8391189575195312,57,187.14036560058594,513.2943115234375,10499,700.4346923828125,
0.5357542634010315,15.107748031616211,0.7135374546051025,1.5659923553466797,0.4556455612182617,1.8665274381637573,57,189.7185516357422,473.7501220703125,10549,663.4686279296875,
,,,,,,58,166.3749542236328,484.67388916015625,10599,651.048828125,
0.5308085680007935,20.698139190673828,1.331831455230713,5.379210948944092,0.2475886344909668,1.8839184045791626,58,190.61546325683594,488.90667724609375,10649,679.5220947265625,
0.5852115750312805,14.195103645324707,0.8427648544311523,1.7788054943084717,0.4737813472747803,1.708783745765686,58,169.56283569335938,483.69915771484375,10699,653.261962890625,
,,,,,,59,203.87701416015625,497.52850341796875,10749,701.405517578125,
0.5409810543060303,15.54712200164795,0.8037607669830322,2.898146629333496,0.27733612060546875,1.8484935760498047,59,189.60015869140625,488.6884765625,10799,678.2886352539062,
0.5819291472434998,15.244856834411621,0.8561604022979736,1.8499642610549927,0.4627983570098877,1.7184221744537354,59,180.20681762695312,492.22021484375,10849,672.427001953125,
0.5404186248779297,16.55129051208496,0.774045467376709,1.6913474798202515,0.45765018463134766,1.8504173755645752,59,195.856201171875,485.18511962890625,10899,681.041259765625,
,,,,,,60,178.96983337402344,503.7353515625,10949,682.7052001953125,
0.5402712821960449,17.395666122436523,1.0249030590057373,4.072298526763916,0.2516767978668213,1.8509219884872437,60,183.00172424316406,491.34014892578125,10999,674.3418579101562,
0.5790397524833679,16.298686981201172,0.8356714248657227,1.809828281402588,0.46174073219299316,1.7269971370697021,60,173.0690155029297,490.54150390625,11049,663.6104736328125,
0.49422889947891235,9.924981117248535,0.6219770908355713,1.4032084941864014,0.4432535171508789,2.0233540534973145,60,188.95993041992188,504.21502685546875,11099,693.1749267578125,
,,,,,,61,173.31832885742188,479.51312255859375,11149,652.8314208984375,
0.5416088104248047,19.39480209350586,1.0754058361053467,3.5232677459716797,0.30522966384887695,1.8463510274887085,61,167.7251739501953,493.5113220214844,11199,661.2365112304688,
0.6253553628921509,35.36375045776367,1.7813324928283691,3.8832879066467285,0.45871758460998535,1.599090814590454,61,177.52662658691406,489.7898864746094,11249,667.3165283203125,
,,,,,,62,184.33712768554688,487.3207092285156,11299,671.6578369140625,
0.5313838720321655,16.42278480529785,0.8003654479980469,3.2610838413238525,0.24542927742004395,1.8818787336349487,62,207.43927001953125,510.72308349609375,11349,718.162353515625,
0.5762413740158081,11.1015625,0.8648152351379395,1.8794280290603638,0.4601480960845947,1.7353838682174683,62,162.89686584472656,487.61749267578125,11399,650.514404296875,
0.4870530068874359,6.6351799964904785,0.5746009349822998,1.269397258758545,0.45265650749206543,2.0531647205352783,62,184.452880859375,492.936767578125,11449,677.3896484375,
,,,,,,63,185.7384796142578,498.59326171875,11499,684.331787109375,
0.5207695960998535,14.364480018615723,0.8195171356201172,3.170795440673828,0.25845789909362793,1.92023503780365,63,179.4947967529297,494.8970031738281,11549,674.3917846679688,
0.6311924457550049,27.743560791015625,1.582901954650879,3.389127492904663,0.4670529365539551,1.5843029022216797,63,175.73428344726562,488.6206970214844,11599,664.35498046875,
,,,,,,64,194.03274536132812,515.2548828125,11649,709.28759765625,
0.5255895256996155,14.20193099975586,0.7181761264801025,2.838916063308716,0.2529754638671875,1.9026254415512085,64,174.06265258789062,491.75592041015625,11699,665.8185424804688,
0.542437732219696,10.422345161437988,0.689854621887207,1.4972649812698364,0.4607431888580322,1.843529462814331,64,183.501953125,463.2300109863281,11749,646.7319946289062,
0.49319201707839966,7.5000691413879395,0.6118712425231934,1.3602030277252197,0.44983816146850586,2.0276079177856445,64,176.48834228515625,499.7538757324219,11799,676.2421875,
,,,,,,65,177.01177978515625,481.53790283203125,11849,658.5496826171875,
0.5253860950469971,15.4061861038208,0.8244366645812988,2.9546589851379395,0.27902936935424805,1.9033621549606323,65,181.419921875,485.61627197265625,11899,667.0361328125,
0.5999066233634949,21.059141159057617,1.2687907218933105,2.698343276977539,0.4702110290527344,1.6669260263442993,65,163.10440063476562,492.218994140625,11949,655.3233642578125,
0.5449711680412292,20.163877487182617,0.9104733467102051,2.029189109802246,0.448688268661499,1.8349595069885254,65,177.74771118164062,490.92657470703125,11999,668.67431640625,
,,,,,,65,,,11999,,597.202880859375
,,,,,,66,186.39144897460938,497.0372314453125,12049,683.4285888671875,
0.5334854125976562,15.600316047668457,0.7648308277130127,2.7529525756835938,0.27782201766967773,1.8744654655456543,66,194.69625854492188,488.6537170410156,12099,683.3499755859375,
0.5382688641548157,13.853363037109375,0.8145670890808105,1.8411306142807007,0.4424276351928711,1.8578076362609863,66,185.45230102539062,485.25445556640625,12149,670.706787109375,
,,,,,,67,189.83041381835938,507.44659423828125,12199,697.2769775390625,
0.5441417694091797,34.07789993286133,2.1043505668640137,8.129019737243652,0.258868932723999,1.8377562761306763,67,189.9477081298828,495.05914306640625,12249,685.0068359375,
0.5892701148986816,17.484487533569336,0.8812360763549805,1.8975162506103516,0.4644155502319336,1.697014570236206,67,177.97964477539062,481.0429992675781,12299,659.0226440429688,
0.49694257974624634,13.9065523147583,0.7326908111572266,1.6815129518508911,0.4357330799102783,2.0123047828674316,67,185.39111328125,490.766357421875,12349,676.157470703125,
,,,,,,68,184.67498779296875,468.79376220703125,12399,653.46875,
0.5187451243400574,13.63327693939209,0.7113649845123291,2.591557502746582,0.2744932174682617,1.9277290105819702,68,169.16163635253906,491.03985595703125,12449,660.2015380859375,
0.5605142116546631,17.605255126953125,0.8943700790405273,2.041057825088501,0.4381895065307617,1.7840759754180908,68,175.8933868408203,492.84405517578125,12499,668.7374267578125,
0.5504961609840393,21.051090240478516,1.0453858375549316,2.3239622116088867,0.4498291015625,1.8165429830551147,68,190.47702026367188,480.60198974609375,12549,671.0790405273438,
,,,,,,69,198.00572204589844,482.23162841796875,12599,680.2373046875,
0.5411205291748047,25.642805099487305,1.644576072692871,6.2917375564575195,0.2613866329193115,1.8480170965194702,69,194.86376953125,493.38885498046875,12649,688.2526245117188,
0.5810805559158325,14.238310813903809,0.8188941478729248,1.741220235824585,0.47029900550842285,1.720931887626648,69,185.55758666992188,492.22369384765625,12699,677.78125,
,,,,,,70,185.2977294921875,493.0607604980469,12749,678.3585205078125,
0.506805956363678,14.37897777557373,0.881831169128418,3.22705340385437,0.27326202392578125,1.9731417894363403,70,181.20327758789062,494.1531982421875,12799,675.3564453125,
0.5916138291358948,19.8613338470459,0.9109277725219727,2.0642969608306885,0.44127750396728516,1.6902918815612793,70,185.53018188476562,495.70166015625,12849,681.2318115234375,
0.5408926606178284,18.3581485748291,0.7957770824432373,1.7500824928283691,0.4547083377838135,1.8487956523895264,70,193.81106567382812,491.68536376953125,12899,685.4964599609375,
,,,,,,71,187.02731323242188,486.0594482421875,12949,673.0867919921875,
0.5400012135505676,20.271696090698242,1.2944352626800537,5.071212291717529,0.2552516460418701,1.8518476486206055,71,189.7255096435547,492.38751220703125,12999,682.113037109375,
0.5828804969787598,11.683481216430664,0.7783370018005371,1.6408735513687134,0.47434306144714355,1.7156175374984741,71,170.467041015625,466.0334167480469,13049,636.50048828125,
0.4889623820781708,10.419145584106445,0.6503210067749023,1.4904108047485352,0.4363367557525635,2.045146942138672,71,181.71392822265625,488.9708251953125,13099,670.6846923828125,
,,,,,,72,191.87985229492188,514.6117553710938,13149,706.4915771484375,
0.5029495358467102,17.419431686401367,1.109551191329956,4.014764785766602,0.2763676643371582,1.9882711172103882,72,183.7972869873047,490.747314453125,13199,674.5445556640625,
0.5594781041145325,15.768258094787598,0.9008643627166748,2.0180063247680664,0.4464130401611328,1.7873799800872803,72,189.9795684814453,489.54736328125,13249,679.5269775390625,
,,,,,,73,201.31561279296875,487.4777526855469,13299,688.7933959960938,
0.5504865050315857,22.279582977294922,1.1795780658721924,4.6882710456848145,0.2516019344329834,1.8165749311447144,73,205.64691162109375,478.5231628417969,13349,684.1700439453125,
0.5943270325660706,13.998255729675293,0.8072044849395752,1.7407910823822021,0.4636998176574707,1.6825753450393677,73,168.9459228515625,471.3392028808594,13399,640.2850952148438,
0.49279236793518066,9.342758178710938,0.6343371868133545,1.4381847381591797,0.4410679340362549,2.029252290725708,73,178.14471435546875,482.3005065917969,13449,660.4451904296875,
,,,,,,74,168.2847900390625,479.2284240722656,13499,647.51318359375,
0.5334850549697876,16.586179733276367,0.9348819255828857,3.2773940563201904,0.2852516174316406,1.8744667768478394,74,185.55288696289062,506.5858459472656,13549,692.1387329101562,
0.6035062670707703,20.99638557434082,1.1403744220733643,2.4488139152526855,0.4656844139099121,1.6569836139678955,74,175.55795288085938,486.7432861328125,13599,662.30126953125,
0.5218624472618103,25.784656524658203,1.4131224155426025,3.166691541671753,0.4462456703186035,1.9162137508392334,74,172.07005310058594,482.4877014160156,13649,654.5578002929688,
,,,,,,75,186.16822814941406,518.7442016601562,13699,704.912353515625,
0.5360515713691711,16.412553787231445,0.8183343410491943,3.329465866088867,0.24578547477722168,1.8654921054840088,75,190.99185180664062,505.4150695800781,13749,696.4068603515625,
0.5690252780914307,15.547667503356934,0.9382150173187256,1.9962841272354126,0.46998071670532227,1.7573912143707275,75,172.1436767578125,492.2059326171875,13799,664.349609375,
,,,,,,76,176.331787109375,490.07989501953125,13849,666.41162109375,
0.5173001289367676,14.324634552001953,0.788175106048584,2.8112130165100098,0.2803683280944824,1.933113932609558,76,157.81326293945312,463.8473205566406,13899,621.6605834960938,
0.6052742004394531,21.127883911132812,1.203023910522461,2.579984188079834,0.4662911891937256,1.6521438360214233,76,173.11363220214844,500.76123046875,13949,673.8748779296875,
0.5247818827629089,17.271554946899414,0.9691953659057617,2.153334856033325,0.4500904083251953,1.9055535793304443,76,186.38552856445312,501.14739990234375,13999,687.532958984375,
,,,,,,76,,,13999,,596.4471435546875
,,,,,,77,172.94818115234375,484.21630859375,14049,657.1644287109375,
0.5414096713066101,15.535602569580078,0.7270865440368652,2.7361791133880615,0.265730619430542,1.8470301628112793,77,175.17330932617188,493.7114562988281,14099,668.8847045898438,
0.5385128259658813,10.430042266845703,0.6611111164093018,1.4783940315246582,0.44718194007873535,1.8569658994674683,77,156.1725311279297,476.6752624511719,14149,632.8477783203125,
,,,,,,78,180.67623901367188,487.6291809082031,14199,668.305419921875,
0.5202942490577698,12.03743839263916,0.6712431907653809,2.4827449321746826,0.27036333084106445,1.9219893217086792,78,188.170166015625,492.870849609375,14249,681.041015625,
0.599676251411438,21.62875747680664,1.2823467254638672,2.765892505645752,0.46362853050231934,1.6675665378570557,78,171.17262268066406,476.07354736328125,14299,647.2461547851562,
0.5236063003540039,17.784212112426758,0.830737829208374,1.8815346956253052,0.44152140617370605,1.9098318815231323,78,205.22955322265625,484.4841003417969,14349,689.713623046875,
,,,,,,79,212.5299835205078,508.8678894042969,14399,721.3978881835938,
0.5430777072906494,18.15787696838379,0.812711238861084,2.893982172012329,0.28082799911499023,1.8413569927215576,79,169.48916625976562,480.3043212890625,14449,649.7935180664062,
0.5154516696929932,10.316532135009766,0.7717041969299316,1.7426146268844604,0.4428427219390869,1.9400460720062256,79,184.47213745117188,492.979736328125,14499,677.451904296875,
0.5359950661659241,15.412296295166016,0.8211889266967773,1.817657709121704,0.4517841339111328,1.865688681602478,79,190.69186401367188,483.98699951171875,14549,674.6788330078125,
,,,,,,80,161.56109619140625,469.52764892578125,14599,631.0887451171875,
0.5295792818069458,21.085832595825195,1.354273796081543,5.114058494567871,0.2648138999938965,1.8882912397384644,80,189.26571655273438,505.8541259765625,14649,695.119873046875,
0.5794561505317688,16.64168357849121,0.7729809284210205,1.6682980060577393,0.4633350372314453,1.725756049156189,80,184.9429931640625,490.9134521484375,14699,675.8563842773438,
,,,,,,81,190.13027954101562,462.392822265625,14749,652.5230712890625,
0.5176275968551636,17.785625457763672,0.9350056648254395,3.383761167526245,0.2763214111328125,1.931890845298767,81,179.23638916015625,495.2545166015625,14799,674.4909057617188,
0.5560903549194336,19.785306930541992,1.076568603515625,2.446021556854248,0.44013047218322754,1.7982689142227173,81,169.53140258789062,487.27630615234375,14849,656.8076782226562,
0.5332631468772888,15.086085319519043,0.7702367305755615,1.6830592155456543,0.4576408863067627,1.8752467632293701,81,196.26644897460938,492.52777099609375,14899,688.794189453125,
,,,,,,82,181.26226806640625,491.1299743652344,14949,672.3922119140625,
0.5308838486671448,19.764848709106445,1.3307788372039795,4.706014633178711,0.28278255462646484,1.8836512565612793,82,181.45571899414062,489.38739013671875,14999,670.8431396484375,
0.5847485661506653,14.947808265686035,0.7952497005462646,1.6943291425704956,0.4693596363067627,1.7101366519927979,82,188.9584503173828,513.5949096679688,15049,702.5534057617188,
0.5101307034492493,13.391154289245605,0.6954970359802246,1.5819727182388306,0.4396390914916992,1.9602820873260498,82,189.5237274169922,470.9647216796875,15099,660.4884643554688,
,,,,,,83,166.349365234375,482.7323303222656,15149,649.0817260742188,
0.5449159741401672,14.72056770324707,0.7514944076538086,2.7036266326904297,0.2779579162597656,1.8351452350616455,83,187.05712890625,483.27105712890625,15199,670.3281860351562,
0.5746039152145386,19.56375503540039,1.1633601188659668,2.5825886726379395,0.45046281814575195,1.7403291463851929,83,169.402099609375,485.03326416015625,15249,654.4354248046875,
,,,,,,84,201.30096435546875,491.5937194824219,15299,692.8946533203125,
0.5392942428588867,18.84128761291504,1.2504613399505615,4.846388339996338,0.25801920890808105,1.8542752265930176,84,188.00839233398438,484.8853759765625,15349,672.893798828125,
0.5843852758407593,13.445969581604004,0.7504317760467529,1.5686399936676025,0.4783964157104492,1.7111997604370117,84,179.22518920898438,487.74468994140625,15399,666.9698486328125,
0.4870166778564453,12.044658660888672,0.6596949100494385,1.5114545822143555,0.4364635944366455,2.0533177852630615,84,191.67147827148438,478.596435546875,15449,670.2678833007812,
,,,,,,85,180.84994506835938,504.7627868652344,15499,685.6127319335938,
0.5432053208351135,16.96097755432129,0.98183274269104,3.4461100101470947,0.2849104404449463,1.8409245014190674,85,183.72369384765625,486.8374328613281,15549,670.5611572265625,
0.5413881540298462,14.254980087280273,0.8225021362304688,1.8239728212356567,0.4509398937225342,1.8471035957336426,85,172.62005615234375,487.18536376953125,15599,659.805419921875,
0.5486682653427124,17.529190063476562,0.8353753089904785,1.7909106016159058,0.46645283699035645,1.8225948810577393,85,189.13909912109375,502.6936950683594,15649,691.832763671875,
,,,,,,86,172.82217407226562,476.15057373046875,15699,648.9727783203125,
0.5309800505638123,28.930110931396484,1.8123931884765625,6.900962829589844,0.26262903213500977,1.8833098411560059,86,170.03546142578125,491.8536071777344,15749,661.8890380859375,
0.5490397810935974,13.428205490112305,0.7346084117889404,1.6095952987670898,0.4563932418823242,1.8213616609573364,86,175.7687530517578,487.6446838378906,15799,663.4134521484375,
,,,,,,87,185.46102905273438,486.5681457519531,15849,672.0291748046875,
0.536457359790802,15.168097496032715,0.7442998886108398,2.944171667098999,0.2528045177459717,1.8640810251235962,87,207.88760375976562,509.2110595703125,15899,717.0986938476562,
0.5262731313705444,11.423362731933594,0.7041366100311279,1.6141682863235474,0.43622255325317383,1.9001539945602417,87,162.45132446289062,485.9815673828125,15949,648.432861328125,
0.5486029982566833,24.539892196655273,1.3011391162872314,2.8412630558013916,0.4579439163208008,1.8228117227554321,87,185.874267578125,490.7034912109375,15999,676.5777587890625,
,,,,,,87,,,15999,,601.59716796875
,,,,,,88,183.1851348876953,492.5146484375,16049,675.6997680664062,
0.5256113409996033,12.911215782165527,0.6886067390441895,2.6312525272369385,0.2617030143737793,1.9025465250015259,88,177.81765747070312,488.39208984375,16099,666.209716796875,
0.5779375433921814,13.959625244140625,0.8425412178039551,1.7977138757705688,0.4686737060546875,1.7302907705307007,88,176.27842712402344,487.6224365234375,16149,663.90087890625,
,,,,,,89,194.96713256835938,514.4223022460938,16199,709.389404296875,
0.514309823513031,12.610757827758789,0.6709718704223633,2.2950844764709473,0.29235172271728516,1.9443532228469849,89,173.6993408203125,487.23175048828125,16249,660.9310913085938,
0.5836033225059509,39.66096496582031,1.9912831783294678,4.534512996673584,0.43913936614990234,1.7134926319122314,89,182.52285766601562,460.6873474121094,16299,643.210205078125,
0.5679501891136169,22.458215713500977,1.0883738994598389,2.4153170585632324,0.45061326026916504,1.760717749595642,89,174.7252960205078,494.9842834472656,16349,669.7095947265625,
,,,,,,90,178.99264526367188,478.04412841796875,16399,657.036865234375,
0.5343649387359619,14.737115859985352,0.8401482105255127,2.9572489261627197,0.28409790992736816,1.87138032913208,90,179.9344482421875,482.55145263671875,16449,662.48583984375,
0.5625389218330383,10.242562294006348,0.6925296783447266,1.4817293882369995,0.4673793315887451,1.777654767036438,90,165.34556579589844,491.3486328125,16499,656.6942138671875,
0.4977830648422241,11.620062828063965,0.7073609828948975,1.605722427368164,0.4405250549316406,2.0089073181152344,90,175.790283203125,487.9253234863281,16549,663.715576171875,
,,,,,,91,183.481201171875,492.3373107910156,16599,675.8185424804688,
0.5426780581474304,18.47823143005371,1.1847407817840576,4.266258716583252,0.27770018577575684,1.8427132368087769,91,192.44357299804688,483.968505859375,16649,676.412109375,
0.5604986548423767,16.388641357421875,1.0205316543579102,2.263349771499634,0.4508943557739258,1.784125566482544,91,188.5084228515625,486.1823425292969,16699,674.6907958984375,
,,,,,,92,187.70388793945312,505.8381652832031,16749,693.5419921875,
0.5350329279899597,16.113479614257812,0.7913534641265869,3.020033597946167,0.26203465461730957,1.8690438270568848,92,190.39462280273438,490.8441162109375,16799,681.23876953125,
0.545036792755127,8.686277389526367,0.653019905090332,1.4550381898880005,0.44879913330078125,1.8347386121749878,92,174.34274291992188,472.38812255859375,16849,646.7308349609375,
0.5099471807479858,12.807378768920898,0.7311100959777832,1.6473891735076904,0.4437992572784424,1.9609874486923218,92,182.5807342529297,488.40960693359375,16899,670.9903564453125,
,,,,,,93,183.77455139160156,466.77984619140625,16949,650.5543823242188,
0.5473424792289734,18.102401733398438,1.0952084064483643,3.932612180709839,0.27849388122558594,1.827009677886963,93,169.20855712890625,489.77923583984375,16999,658.98779296875,
0.5105823278427124,11.900872230529785,0.7837421894073486,1.7753033638000488,0.4414694309234619,1.9585479497909546,93,181.06312561035156,497.4168701171875,17049,678.47998046875,
0.5366027355194092,16.56951141357422,0.8504781723022461,1.8513035774230957,0.4593942165374756,1.863576054573059,93,188.09701538085938,477.1849365234375,17099,665.281982421875,
,,,,,,94,196.3322296142578,479.0934753417969,17149,675.4256591796875,
0.5287277698516846,14.186275482177734,0.7548162937164307,2.860450029373169,0.26388025283813477,1.8913325071334839,94,196.17083740234375,493.94677734375,17199,690.1176147460938,
0.5370507836341858,9.18911075592041,0.6514520645141602,1.4149349927902222,0.46041131019592285,1.8620213270187378,94,181.72113037109375,484.87725830078125,17249,666.5984497070312,
,,,,,,95,184.45559692382812,490.3318786621094,17299,674.7874755859375,
0.5397181510925293,22.651790618896484,1.4038283824920654,5.033108711242676,0.2789187431335449,1.8528189659118652,95,182.409912109375,493.59710693359375,17349,676.0069580078125,
0.5387864708900452,10.938399314880371,0.7023570537567139,1.5536638498306274,0.45206499099731445,1.856022834777832,95,182.09312438964844,490.51287841796875,17399,672.6060180664062,
0.532282829284668,14.923866271972656,0.8063094615936279,1.7963039875030518,0.448871374130249,1.8787003755569458,95,189.33267211914062,484.9278564453125,17449,674.2605590820312,
,,,,,,96,179.41009521484375,479.37371826171875,17499,658.7838134765625,
0.525536298751831,13.237025260925293,0.7785632610321045,2.767155170440674,0.2813587188720703,1.902818202972412,96,191.98858642578125,491.65545654296875,17549,683.64404296875,
0.5458620190620422,13.80827522277832,0.7941153049468994,1.7432615756988525,0.4555342197418213,1.8319648504257202,96,172.89732360839844,463.65069580078125,17599,636.5479736328125,
0.5234459638595581,17.18037223815918,0.7638914585113525,1.7320988178253174,0.4410207271575928,1.910416841506958,96,180.56076049804688,486.0269775390625,17649,666.5877685546875,
,,,,,,97,188.94541931152344,507.5821228027344,17699,696.5275268554688,
0.5346848368644714,19.315099716186523,1.161484718322754,4.230871677398682,0.27452611923217773,1.8702607154846191,97,186.7694091796875,490.4042663574219,17749,677.1737060546875,
0.5603278875350952,13.453261375427246,0.7684903144836426,1.7077406644821167,0.45000410079956055,1.784669280052185,97,190.1565399169922,487.00653076171875,17799,677.1630859375,
,,,,,,98,207.8108673095703,489.841064453125,17849,697.6519165039062,
0.5359001159667969,13.075207710266113,0.7317194938659668,2.495969533920288,0.29316043853759766,1.866019368171692,98,204.75497436523438,477.2694091796875,17899,682.0244140625,
0.5608046650886536,15.90524673461914,0.8078250885009766,1.8411426544189453,0.438762903213501,1.7831521034240723,98,169.548828125,469.46942138671875,17949,639.018310546875,
0.5412747263908386,33.36488723754883,1.5717198848724365,3.561453104019165,0.4413142204284668,1.847490668296814,98,181.2998046875,484.23065185546875,17999,665.5304565429688,
,,,,,,98,,,17999,,596.5736694335938
,,,,,,99,167.25823974609375,475.9786376953125,18049,643.2368774414062,
0.5410367846488953,15.76752758026123,0.7822399139404297,3.0930609703063965,0.252901554107666,1.8483030796051025,99,181.18771362304688,501.1214599609375,18099,682.3092041015625,
0.5429835319519043,9.431051254272461,0.6623208522796631,1.4272212982177734,0.4640631675720215,1.8416764736175537,99,172.0031280517578,481.29034423828125,18149,653.2935180664062,
0.4998704195022583,8.209325790405273,0.6113872528076172,1.3496099710464478,0.45301032066345215,2.000518560409546,99,174.5933380126953,485.15460205078125,18199,659.7479858398438,
,,,,,,100,188.10752868652344,519.822021484375,18249,707.9295654296875,
0.5288849472999573,13.68499755859375,0.8576879501342773,3.410065174102783,0.25151658058166504,1.8907703161239624,100,187.87890625,498.0328369140625,18299,685.9117431640625,
0.542502760887146,19.684276580810547,1.181046485900879,2.5845530033111572,0.45696353912353516,1.8433085680007935,100,172.69046020507812,492.005615234375,18349,664.6961059570312,
,,,,,,101,172.10818481445312,485.54736328125,18399,657.6555786132812,
0.5473811626434326,18.662818908691406,0.8695154190063477,3.4396817684173584,0.2527894973754883,1.826880693435669,101,158.19512939453125,461.9197692871094,18449,620.1148681640625,
0.5321269631385803,9.73511791229248,0.7659587860107422,1.6628704071044922,0.46062445640563965,1.8792508840560913,101,171.67100524902344,498.52264404296875,18499,670.193603515625,
0.4952806830406189,7.87902307510376,0.6379578113555908,1.4212915897369385,0.44885778427124023,2.019057273864746,101,186.61477661132812,498.85430908203125,18549,685.4691162109375,
,,,,,,102,171.36148071289062,480.5120544433594,18599,651.87353515625,
0.5373111963272095,15.116554260253906,0.8629295825958252,3.0788087844848633,0.28028035163879395,1.8611189126968384,102,173.91302490234375,488.98712158203125,18649,662.900146484375,
0.556008517742157,25.155967712402344,1.442857027053833,3.1194329261779785,0.4625382423400879,1.7985336780548096,102,155.72515869140625,476.15863037109375,18699,631.8837890625,
,,,,,,103,180.37745666503906,484.18817138671875,18749,664.5656127929688,
0.5474805235862732,18.76148796081543,0.9595508575439453,3.525883674621582,0.27214479446411133,1.8265490531921387,103,185.9556884765625,488.2100830078125,18799,674.165771484375,
0.5399848222732544,11.47678279876709,0.7087171077728271,1.5768641233444214,0.4494471549987793,1.851904034614563,103,171.3563995361328,474.6000061035156,18849,645.9564208984375,
0.5046422481536865,10.122953414916992,0.742438554763794,1.6541532278060913,0.44883298873901367,1.9816019535064697,103,206.926513671875,482.9328918457031,18899,689.8594360351562,
,,,,,,104,215.02774047851562,508.8802490234375,18949,723.907958984375,
0.5427023768424988,17.731979370117188,1.0541965961456299,4.0574188232421875,0.25981950759887695,1.8426306247711182,104,173.25735473632812,483.95660400390625,18999,657.2139892578125,
0.5566666722297668,12.42037582397461,0.8373398780822754,1.7994930744171143,0.4653198719024658,1.7964072227478027,104,183.30982971191406,490.5648193359375,19049,673.8746337890625,
0.512344479560852,12.754779815673828,0.6686093807220459,1.5171923637390137,0.4406886100769043,1.9518117904663086,104,189.97537231445312,480.48199462890625,19099,670.4573364257812,
,,,,,,105,159.8601837158203,465.9204406738281,19149,625.7806396484375,
0.5496867299079895,19.678747177124023,0.9590888023376465,3.7135565280914307,0.2582669258117676,1.8192179203033447,105,188.2985076904297,503.79254150390625,19199,692.091064453125,
0.5117137432098389,7.936997413635254,0.6290609836578369,1.432136058807373,0.43924665451049805,1.9542176723480225,105,185.83973693847656,491.3899230957031,19249,677.2296142578125,
,,,,,,106,192.0920867919922,461.1260681152344,19299,653.2181396484375,
0.570458710193634,25.72209358215332,1.251877784729004,4.546947479248047,0.27532267570495605,1.7529752254486084,106,179.055419921875,494.16357421875,19349,673.218994140625,
0.5697578191757202,16.25583267211914,1.095285415649414,2.363035202026367,0.46350789070129395,1.755131721496582,106,169.11825561523438,487.2579345703125,19399,656.376220703125,
0.5239010453224182,12.905229568481445,0.7592020034790039,1.6477735042572021,0.46074414253234863,1.9087573289871216,106,197.06924438476562,490.8487548828125,19449,687.91796875,
,,,,,,107,175.54678344726562,484.373779296875,19499,659.9205322265625,
0.5283105373382568,15.228719711303711,0.8312356472015381,3.0214953422546387,0.27510738372802734,1.8928261995315552,107,180.41424560546875,486.839111328125,19549,667.2533569335938,
0.532465398311615,14.085885047912598,0.8578891754150391,1.8984580039978027,0.4518873691558838,1.8780564069747925,107,189.39202880859375,512.6954956054688,19599,702.0875854492188,
0.5236717462539673,14.186223983764648,0.7939150333404541,1.7737622261047363,0.4475882053375244,1.909593105316162,107,188.23475646972656,466.3746337890625,19649,654.609375,
,,,,,,108,163.33187866210938,479.8106689453125,19699,643.1425170898438,
0.5302395224571228,17.88634490966797,1.14998197555542,4.527641773223877,0.25399136543273926,1.8859400749206543,108,188.15432739257812,484.21807861328125,19749,672.3723754882812,
0.5528215765953064,12.83923053741455,0.7868785858154297,1.7567696571350098,0.44791221618652344,1.8089019060134888,108,169.87570190429688,483.51971435546875,19799,653.3953857421875,
,,,,,,109,202.99691772460938,494.13433837890625,19849,697.1312255859375,
0.5409209132194519,17.066316604614258,0.8281402587890625,2.9421069622039795,0.2814786434173584,1.8486990928649902,109,192.0374755859375,486.2471923828125,19899,678.28466796875,
0.5171659588813782,11.161357879638672,0.6466882228851318,1.4762821197509766,0.4380519390106201,1.9336152076721191,109,177.95144653320312,484.81536865234375,19949,662.7667846679688,
0.5251659750938416,13.092555046081543,0.6903724670410156,1.5315074920654297,0.45077967643737793,1.9041599035263062,109,194.205078125,480.248046875,19999,674.453125,
,,,,,,109,,,19999,,595.6085205078125
,,,,,,110,181.17999267578125,502.6026611328125,20049,683.7826538085938,
0.5508265495300293,22.201866149902344,1.1403112411499023,4.6116862297058105,0.24726557731628418,1.8154536485671997,110,183.59490966796875,485.6507568359375,20099,669.2456665039062,
0.5288974642753601,9.023181915283203,0.655644416809082,1.457047700881958,0.4499814510345459,1.8907256126403809,110,172.3100128173828,487.965087890625,20149,660.2750854492188,
0.5072582364082336,11.349146842956543,0.7197628021240234,1.5869115591049194,0.45356202125549316,1.9713823795318604,110,189.46795654296875,501.5807189941406,20199,691.0487060546875,
,,,,,,111,172.25927734375,474.5089111328125,20249,646.7681884765625,
0.5253698229789734,17.410526275634766,1.066929817199707,3.82753849029541,0.2787508964538574,1.9034210443496704,111,169.47219848632812,491.3713073730469,20299,660.843505859375,
0.5626941919326782,14.356124877929688,0.8147978782653809,1.7805309295654297,0.4576151371002197,1.777164340019226,111,178.83291625976562,488.5414123535156,20349,667.3743286132812,
,,,,,,112,188.81716918945312,486.832275390625,20399,675.6494140625,
0.5262443423271179,16.330766677856445,0.7476270198822021,2.7635180950164795,0.2705345153808594,1.9002580642700195,112,207.02540588378906,506.66192626953125,20449,713.6873779296875,
0.5336650609970093,17.476844787597656,0.8778717517852783,1.9830677509307861,0.44268369674682617,1.8738343715667725,112,163.52120971679688,483.7895812988281,20499,647.310791015625,
0.5479658842086792,17.213594436645508,0.8947186470031738,1.9630954265594482,0.45576930046081543,1.8249311447143555,112,180.93902587890625,486.2225646972656,20549,667.1615600585938,
,,,,,,113,183.78024291992188,491.4888916015625,20599,675.26904296875,
0.5143216848373413,11.36527156829834,0.6246135234832764,2.298835039138794,0.27170872688293457,1.9443085193634033,113,177.40452575683594,488.97369384765625,20649,666.3782348632812,
0.588245153427124,15.37548828125,0.7865099906921387,1.709069848060608,0.46019768714904785,1.6999714374542236,113,175.82669067382812,485.8009033203125,20699,661.6275634765625,
,,,,,,114,193.97268676757812,510.445556640625,20749,704.418212890625,
0.5367088317871094,15.829733848571777,0.7369132041931152,2.6815340518951416,0.2748103141784668,1.8632076978683472,114,175.397705078125,489.154541015625,20799,664.55224609375,
0.5312395691871643,9.106863021850586,0.6607639789581299,1.4612524509429932,0.4521901607513428,1.8823899030685425,114,187.02371215820312,464.44915771484375,20849,651.472900390625,
0.5264362692832947,13.609986305236816,0.7231647968292236,1.5878292322158813,0.4554424285888672,1.8995652198791504,114,175.34388732910156,492.6649475097656,20899,668.0087890625,
,,,,,,115,177.87188720703125,477.6123352050781,20949,655.4842529296875,
0.5210373997688293,11.89953327178955,0.6652376651763916,2.4179906845092773,0.2751200199127197,1.9192479848861694,115,182.08460998535156,482.57574462890625,20999,664.6603393554688,
0.6239724159240723,28.048063278198242,1.6003024578094482,3.3913543224334717,0.4718770980834961,1.6026349067687988,115,164.4210205078125,487.7510986328125,21049,652.172119140625,
0.50031578540802,14.661774635314941,0.7288694381713867,1.6510647535324097,0.4414541721343994,1.9987376928329468,115,174.35214233398438,485.6002502441406,21099,659.952392578125,
,,,,,,116,186.61651611328125,493.8211975097656,21149,680.437744140625,
0.5095475316047668,13.620723724365234,0.721773624420166,2.582134246826172,0.2795259952545166,1.9625253677368164,116,192.284912109375,482.23626708984375,21199,674.5211181640625,
0.5321634411811829,10.727275848388672,0.7421283721923828,1.6204016208648682,0.4579904079437256,1.879122018814087,116,185.96484375,481.2841796875,21249,667.2490234375,
,,,,,,117,185.92617797851562,500.42694091796875,21299,686.3530883789062,
0.5213144421577454,13.384926795959473,0.7527220249176025,3.005239248275757,0.2504699230194092,1.918228030204773,117,193.37017822265625,495.9434509277344,21349,689.3135986328125,
0.6274203658103943,23.67138671875,1.3336126804351807,2.757824659347534,0.48357415199279785,1.5938278436660767,117,176.30996704101562,471.10064697265625,21399,647.41064453125,
0.49380815029144287,7.739145755767822,0.5789351463317871,1.3018219470977783,0.44471144676208496,2.025078058242798,117,184.49908447265625,488.32965087890625,21449,672.8287353515625,
,,,,,,118,183.8255615234375,463.99310302734375,21499,647.818603515625,
0.5221062898635864,15.28170108795166,0.8593132495880127,3.311321496963501,0.2595076560974121,1.9153188467025757,118,171.0606689453125,489.8894348144531,21549,660.9500732421875,
0.5490981936454773,12.516075134277344,0.7747676372528076,1.6699466705322266,0.4639475345611572,1.8211679458618164,118,179.06568908691406,494.625,21599,673.690673828125,
0.5542401671409607,16.858816146850586,0.78680419921875,1.7212823629379272,0.4571034908294678,1.804271936416626,118,189.59629821777344,475.6335754394531,21649,665.2298583984375,
,,,,,,119,196.1386260986328,478.3236999511719,21699,674.4622802734375,
0.5216754078865051,13.502835273742676,0.70339035987854,2.625178098678589,0.26794004440307617,1.9169007539749146,119,191.2279052734375,489.4125061035156,21749,680.640380859375,
0.5803099274635315,20.64403533935547,1.12200927734375,2.406480312347412,0.4662449359893799,1.7232171297073364,119,186.52890014648438,487.288330078125,21799,673.8172607421875,
,,,,,,120,185.08331298828125,489.6628723144531,21849,674.7461547851562,
0.4967856705188751,13.21292495727539,0.7219517230987549,2.6478137969970703,0.2726595401763916,2.0129406452178955,120,182.6446990966797,489.83831787109375,21899,672.4830322265625,
