batch_time_avg,batch_time_cv_percent,batch_time_max,batch_time_max_min_ratio,batch_time_min,batches_per_second,epoch,l_sd,step,train_loss,val_loss
,,,,,,0,768.9425048828125,49,768.9425048828125,
0.21173158288002014,53.75764465332031,0.8066878318786621,8.221783638000488,0.09811592102050781,4.722960948944092,0,684.3033447265625,99,684.3033447265625,
0.14550448954105377,29.52408790588379,0.2846505641937256,3.197362184524536,0.08902668952941895,6.872640132904053,0,649.74365234375,149,649.74365234375,
,,,,,,1,641.7265625,199,641.7265625,
0.11269327253103256,93.87996673583984,1.030930519104004,15.6553955078125,0.06585144996643066,8.87364387512207,1,592.074462890625,249,592.074462890625,
0.1136540025472641,29.681781768798828,0.18900656700134277,2.6663224697113037,0.07088661193847656,8.79863452911377,1,644.247314453125,299,644.247314453125,
0.17432397603988647,40.54426574707031,0.47605395317077637,5.561446666717529,0.08559894561767578,5.736445426940918,1,615.338623046875,349,615.338623046875,
,,,,,,2,589.231689453125,399,589.231689453125,
0.1453258991241455,44.13954162597656,0.41670703887939453,5.930944442749023,0.07025980949401855,6.8810858726501465,2,600.139404296875,449,600.139404296875,
0.1540650874376297,36.62425994873047,0.3582496643066406,4.289966583251953,0.08350872993469238,6.490762710571289,2,574.1378173828125,499,574.1378173828125,
,,,,,,3,586.4200439453125,549,586.4200439453125,
0.12021505832672119,44.622589111328125,0.33519935607910156,6.319828510284424,0.0530393123626709,8.318425178527832,3,578.5445556640625,599,578.5445556640625,
0.16040340065956116,38.32202911376953,0.35471343994140625,4.77195405960083,0.07433295249938965,6.234281539916992,3,563.1322631835938,649,563.1322631835938,
0.16029681265354156,66.30685424804688,0.7898495197296143,8.32818603515625,0.09484052658081055,6.238427639007568,3,571.6292724609375,699,571.6292724609375,
,,,,,,4,602.9071044921875,749,602.9071044921875,
0.12508299946784973,28.496240615844727,0.22492504119873047,3.1838626861572266,0.07064533233642578,7.994691371917725,4,565.21435546875,799,565.21435546875,
0.1092129647731781,26.118555068969727,0.1824657917022705,2.576521396636963,0.07081866264343262,9.15642261505127,4,573.6476440429688,849,573.6476440429688,
0.10781430453062057,26.056798934936523,0.1880486011505127,2.649787187576294,0.07096743583679199,9.27520751953125,4,554.13623046875,899,554.13623046875,
,,,,,,5,537.2775268554688,949,537.2775268554688,
0.14778894186019897,50.01798629760742,0.7252297401428223,8.72175407409668,0.08315181732177734,6.766406536102295,5,575.9822998046875,999,575.9822998046875,
0.15561731159687042,28.804414749145508,0.2697610855102539,2.8082759380340576,0.09605932235717773,6.42602014541626,5,550.9129638671875,1049,550.9129638671875,
,,,,,,6,527.937744140625,1099,527.937744140625,
0.10635560005903244,37.21858596801758,0.2591521739959717,4.0291314125061035,0.06431961059570312,9.402419090270996,6,550.666748046875,1149,550.666748046875,
0.21197034418582916,58.605342864990234,0.796290397644043,8.168532371520996,0.09748268127441406,4.717641353607178,6,542.2313232421875,1199,542.2313232421875,
0.13846834003925323,35.48323059082031,0.26624417304992676,3.4112985134124756,0.0780477523803711,7.221867084503174,6,550.261962890625,1249,550.261962890625,
,,,,,,7,565.0275268554688,1299,565.0275268554688,
0.12862414121627808,30.580772399902344,0.2368488311767578,3.1329445838928223,0.07559943199157715,7.774590492248535,7,542.3551635742188,1349,542.3551635742188,
0.12692007422447205,31.733583450317383,0.2283940315246582,2.9440178871154785,0.07757902145385742,7.878974437713623,7,568.6383056640625,1399,568.6383056640625,
0.1163487657904625,28.464550018310547,0.1958153247833252,2.878291606903076,0.06803178787231445,8.5948486328125,7,522.9443359375,1449,522.9443359375,
,,,,,,8,536.3917846679688,1499,536.3917846679688,
0.17247948050498962,61.1816520690918,0.673123836517334,9.888120651245117,0.06807398796081543,5.797791004180908,8,538.0826416015625,1549,538.0826416015625,
0.16109605133533478,34.209163665771484,0.3377354145050049,3.3705027103424072,0.10020327568054199,6.207476615905762,8,532.8975830078125,1599,532.8975830078125,
,,,,,,9,550.528076171875,1649,550.528076171875,
0.10780797153711319,27.42559242248535,0.19810914993286133,3.548617124557495,0.05582714080810547,9.275752067565918,9,538.6107788085938,1699,538.6107788085938,
0.17631922662258148,54.49246597290039,0.6845114231109619,8.378588676452637,0.08169770240783691,5.6715312004089355,9,540.2626342773438,1749,540.2626342773438,
0.1534094512462616,49.176910400390625,0.42030787467956543,5.390518665313721,0.0779716968536377,6.518503189086914,9,528.7197875976562,1799,528.7197875976562,
,,,,,,10,551.6561889648438,1849,551.6561889648438,
0.1361575722694397,44.590675354003906,0.45914340019226074,6.974380970001221,0.06583285331726074,7.3444318771362305,10,527.3980712890625,1899,527.3980712890625,
0.13526923954486847,25.87162971496582,0.21131086349487305,2.391448736190796,0.08836102485656738,7.392663955688477,10,534.7474365234375,1949,534.7474365234375,
0.10351303964853287,29.9364013671875,0.18049860000610352,2.6409525871276855,0.06834602355957031,9.660618782043457,10,546.9444580078125,1999,546.9444580078125,
,,,,,,10,,1999,,484.4418029785156
,,,,,,11,522.7325439453125,2049,522.7325439453125,
0.1451408416032791,61.555335998535156,0.5839338302612305,9.399162292480469,0.06212615966796875,6.889859199523926,11,534.64599609375,2099,534.64599609375,
0.14123032987117767,25.3505916595459,0.20283246040344238,2.4749045372009277,0.0819556713104248,7.080631732940674,11,526.8935546875,2149,526.8935546875,
,,,,,,12,521.830078125,2199,521.830078125,
0.10939334332942963,77.03245544433594,0.8239867687225342,12.905488014221191,0.06384778022766113,9.141324043273926,12,544.8355102539062,2249,544.8355102539062,
0.11193370074033737,28.883792877197266,0.18698453903198242,2.6872825622558594,0.06958127021789551,8.933859825134277,12,521.0800170898438,2299,521.0800170898438,
0.17072422802448273,48.592960357666016,0.6381168365478516,6.626875877380371,0.09629225730895996,5.8573994636535645,12,533.7576904296875,2349,533.7576904296875,
,,,,,,13,531.0263671875,2399,531.0263671875,
0.1385035365819931,44.15570831298828,0.3743305206298828,5.500322341918945,0.06805610656738281,7.22003173828125,13,523.3421630859375,2449,523.3421630859375,
0.1363018900156021,27.626787185668945,0.21680760383605957,3.096421241760254,0.07001876831054688,7.336655139923096,13,519.15283203125,2499,519.15283203125,
,,,,,,14,551.0739135742188,2549,551.0739135742188,
0.1291276067495346,42.93419647216797,0.30949926376342773,4.927215099334717,0.06281423568725586,7.744277000427246,14,519.9189453125,2599,519.9189453125,
0.16621758043766022,38.70463180541992,0.37183690071105957,3.8480823040008545,0.09662914276123047,6.016211032867432,14,497.6927490234375,2649,497.6927490234375,
0.11736603826284409,36.70614242553711,0.2452867031097412,3.5600459575653076,0.06889986991882324,8.520352363586426,14,527.4305419921875,2699,527.4305419921875,
,,,,,,15,508.4795837402344,2749,508.4795837402344,
0.11403227597475052,31.987668991088867,0.2250690460205078,3.838726043701172,0.058631181716918945,8.769447326660156,15,512.0137329101562,2799,512.0137329101562,
0.13178330659866333,26.42453956604004,0.2105093002319336,2.548307180404663,0.08260750770568848,7.58821439743042,15,517.510498046875,2849,517.510498046875,
0.14313924312591553,26.703750610351562,0.21662569046020508,2.6471176147460938,0.08183455467224121,6.986204147338867,15,516.9935302734375,2899,516.9935302734375,
,,,,,,16,523.550537109375,2949,523.550537109375,
0.16719309985637665,60.18852615356445,0.7568826675415039,7.907942295074463,0.09571170806884766,5.98110818862915,16,527.0474853515625,2999,527.0474853515625,
0.1366751343011856,28.11050033569336,0.21087026596069336,2.454021692276001,0.08592844009399414,7.316619396209717,16,513.6698608398438,3049,513.6698608398438,
,,,,,,17,531.1019287109375,3099,531.1019287109375,
0.12505629658699036,38.45865249633789,0.3078949451446533,5.0065131187438965,0.06149888038635254,7.996398448944092,17,521.203369140625,3149,521.203369140625,
0.1838075965642929,78.80367279052734,1.1401162147521973,11.913169860839844,0.0957021713256836,5.440471649169922,17,496.6252136230469,3199,496.6252136230469,
0.11529109627008438,27.869428634643555,0.18836688995361328,2.756326913833618,0.06833982467651367,8.673696517944336,17,515.1329956054688,3249,515.1329956054688,
,,,,,,18,483.236572265625,3299,483.236572265625,
0.11917494237422943,26.181396484375,0.19482207298278809,2.7873332500457764,0.06989550590515137,8.39102554321289,18,515.6165161132812,3349,515.6165161132812,
0.13043980300426483,26.792362213134766,0.20726871490478516,2.608680486679077,0.0794534683227539,7.666371822357178,18,514.853271484375,3399,514.853271484375,
0.13050808012485504,28.689502716064453,0.240828275680542,3.36240553855896,0.0716238021850586,7.662360668182373,18,502.0183410644531,3449,502.0183410644531,
,,,,,,19,509.31378173828125,3499,509.31378173828125,
0.14749135076999664,41.47956085205078,0.3975856304168701,5.502378940582275,0.07225704193115234,6.78005838394165,19,515.9102172851562,3549,515.9102172851562,
0.13634644448757172,30.262977600097656,0.2677469253540039,3.170666456222534,0.08444499969482422,7.33425760269165,19,512.15185546875,3599,512.15185546875,
,,,,,,20,511.20721435546875,3649,511.20721435546875,
0.13883236050605774,48.80072021484375,0.567366361618042,8.47769832611084,0.0669245719909668,7.202931880950928,20,513.3701782226562,3699,513.3701782226562,
0.15208297967910767,28.37859535217285,0.2422809600830078,2.992863893508911,0.08095288276672363,6.575357913970947,20,516.5554809570312,3749,516.5554809570312,
0.1328137218952179,31.4936580657959,0.21904993057250977,3.216379404067993,0.06810450553894043,7.5293426513671875,20,512.5672607421875,3799,512.5672607421875,
,,,,,,21,506.09051513671875,3849,506.09051513671875,
0.1226956695318222,34.59848403930664,0.255490779876709,3.602327585220337,0.0709238052368164,8.150246620178223,21,511.23443603515625,3899,511.23443603515625,
0.13354915380477905,27.795333862304688,0.20044279098510742,2.5416996479034424,0.07886171340942383,7.487879276275635,21,486.05511474609375,3949,486.05511474609375,
0.14391778409481049,40.08060836791992,0.44231534004211426,5.450361728668213,0.08115339279174805,6.94841194152832,21,502.22528076171875,3999,502.22528076171875,
,,,,,,21,,3999,,465.1216125488281
,,,,,,22,526.2520141601562,4049,526.2520141601562,
0.1289757490158081,40.27191925048828,0.3966023921966553,5.989266872406006,0.06621885299682617,7.753395080566406,22,507.2581787109375,4099,507.2581787109375,
0.13693979382514954,33.42058181762695,0.2814021110534668,3.937410354614258,0.07146883010864258,7.302479267120361,22,507.43060302734375,4149,507.43060302734375,
,,,,,,23,513.4276123046875,4199,513.4276123046875,
0.1377239227294922,48.58450698852539,0.47818779945373535,7.6378936767578125,0.0626072883605957,7.260902404785156,23,493.9353332519531,4249,493.9353332519531,
0.14602641761302948,27.106658935546875,0.22505545616149902,3.1346542835235596,0.07179594039916992,6.848075866699219,23,490.72161865234375,4299,490.72161865234375,
0.14650101959705353,32.144798278808594,0.29502105712890625,4.220311641693115,0.06990504264831543,6.825891017913818,23,501.53009033203125,4349,501.53009033203125,
,,,,,,24,495.0461120605469,4399,495.0461120605469,
0.1338101327419281,35.839508056640625,0.3453514575958252,4.768801212310791,0.0724189281463623,7.473275661468506,24,517.3638916015625,4449,517.3638916015625,
0.12981824576854706,22.506467819213867,0.19434547424316406,2.28383469581604,0.08509612083435059,7.70307731628418,24,502.9410705566406,4499,502.9410705566406,
0.14596246182918549,32.80854797363281,0.2664034366607666,3.2158713340759277,0.0828402042388916,6.851076126098633,24,509.46002197265625,4549,509.46002197265625,
,,,,,,25,535.1954345703125,4599,535.1954345703125,
0.13549020886421204,36.98214340209961,0.3236241340637207,4.593635559082031,0.0704505443572998,7.380607604980469,25,515.6434326171875,4649,515.6434326171875,
0.11522869765758514,26.784488677978516,0.22946834564208984,2.7671844959259033,0.08292484283447266,8.678393363952637,25,509.2088928222656,4699,509.2088928222656,
,,,,,,26,504.6997375488281,4749,504.6997375488281,
0.13215771317481995,44.15687942504883,0.3771998882293701,5.473586559295654,0.06891274452209473,7.566717147827148,26,476.13275146484375,4799,476.13275146484375,
0.12930241227149963,26.24904441833496,0.25504016876220703,3.0727133750915527,0.08300161361694336,7.7338080406188965,26,513.1286010742188,4849,513.1286010742188,
0.12123526632785797,22.990264892578125,0.19892072677612305,2.6665494441986084,0.07459855079650879,8.248425483703613,26,518.32177734375,4899,518.32177734375,
,,,,,,27,495.37451171875,4949,495.37451171875,
0.11604129523038864,26.123565673828125,0.2491931915283203,3.6168065071105957,0.06889867782592773,8.617622375488281,27,509.2539367675781,4999,509.2539367675781,
0.12672939896583557,34.934574127197266,0.295398473739624,4.090051174163818,0.07222366333007812,7.890829086303711,27,491.86053466796875,5049,491.86053466796875,
,,,,,,28,501.73699951171875,5099,501.73699951171875,
0.14344088733196259,42.525665283203125,0.40117835998535156,5.570296287536621,0.0720210075378418,6.971512794494629,28,502.5297546386719,5149,502.5297546386719,
0.15067625045776367,73.98225402832031,0.76613450050354,9.910624504089355,0.07730436325073242,6.636746406555176,28,490.3424987792969,5199,490.3424987792969,
0.11038234829902649,27.076921463012695,0.18273568153381348,2.4235541820526123,0.07539987564086914,9.059419631958008,28,499.4422302246094,5249,499.4422302246094,
,,,,,,29,529.0311279296875,5299,529.0311279296875,
0.13364523649215698,38.83915710449219,0.3361492156982422,5.788077354431152,0.05807614326477051,7.482496738433838,29,494.1670227050781,5349,494.1670227050781,
0.13625678420066833,32.44851303100586,0.22808361053466797,3.2997443675994873,0.0691215991973877,7.339084148406982,29,507.4322509765625,5399,507.4322509765625,
0.11506804823875427,28.053131103515625,0.1820383071899414,2.4082131385803223,0.07559061050415039,8.690509796142578,29,494.29425048828125,5449,494.29425048828125,
,,,,,,30,480.927734375,5499,480.927734375,
0.134293332695961,33.60137176513672,0.26479482650756836,3.9042627811431885,0.06782197952270508,7.446385860443115,30,517.07763671875,5549,517.07763671875,
0.12409093976020813,26.57781982421875,0.22128629684448242,3.218122720718384,0.06876254081726074,8.058606147766113,30,505.3436584472656,5599,505.3436584472656,
,,,,,,31,480.201904296875,5649,480.201904296875,
0.13473866879940033,59.04877853393555,0.7701733112335205,10.723799705505371,0.07181906700134277,7.421774387359619,31,501.5972900390625,5699,501.5972900390625,
0.15869615972042084,45.14678955078125,0.5391590595245361,5.993154525756836,0.08996248245239258,6.301349639892578,31,495.99688720703125,5749,495.99688720703125,
0.1163591593503952,28.262710571289062,0.20391368865966797,2.578120470046997,0.07909393310546875,8.594080924987793,31,499.56640625,5799,499.56640625,
,,,,,,32,498.44952392578125,5849,498.44952392578125,
0.13224302232265472,34.26612091064453,0.25879907608032227,3.771601438522339,0.0686178207397461,7.561835289001465,32,500.84393310546875,5899,500.84393310546875,
0.11528091132640839,28.367555618286133,0.21404719352722168,3.1537423133850098,0.0678708553314209,8.67446231842041,32,527.004638671875,5949,527.004638671875,
0.10746254771947861,26.746856689453125,0.1749124526977539,2.720878839492798,0.0642852783203125,9.305567741394043,32,483.6031494140625,5999,483.6031494140625,
,,,,,,32,,5999,,459.1428527832031
,,,,,,33,491.2077941894531,6049,491.2077941894531,
0.13290809094905853,38.569122314453125,0.3577885627746582,5.102875232696533,0.0701150894165039,7.523995876312256,33,494.0703125,6099,494.0703125,
0.1262039989233017,30.543718338012695,0.21576428413391113,3.0669524669647217,0.07035136222839355,7.923679351806641,33,491.292724609375,6149,491.292724609375,
,,,,,,34,503.20098876953125,6199,503.20098876953125,
0.13368548452854156,62.51860046386719,0.8213343620300293,11.987480163574219,0.06851601600646973,7.48024320602417,34,498.1697998046875,6249,498.1697998046875,
0.1449163258075714,28.83603286743164,0.25142693519592285,2.9246890544891357,0.0859670639038086,6.900534152984619,34,499.2165222167969,6299,499.2165222167969,
0.15421901643276215,29.638463973999023,0.2611243724822998,3.1441731452941895,0.08305025100708008,6.4842848777771,34,488.996337890625,6349,488.996337890625,
,,,,,,35,514.4962158203125,6399,514.4962158203125,
0.12143140286207199,24.98528480529785,0.22397494316101074,3.123847484588623,0.07169842720031738,8.235101699829102,35,497.3377380371094,6449,497.3377380371094,
0.14853449165821075,34.35286331176758,0.31112194061279297,4.078523635864258,0.07628297805786133,6.732442855834961,35,496.1720275878906,6499,496.1720275878906,
0.12436632066965103,25.166431427001953,0.19904756546020508,2.826566457748413,0.0704202651977539,8.040761947631836,35,511.81268310546875,6549,511.81268310546875,
,,,,,,36,488.0904846191406,6599,488.0904846191406,
0.1390392929315567,45.14750289916992,0.49191784858703613,7.123287200927734,0.06905770301818848,7.192211627960205,36,500.40826416015625,6649,500.40826416015625,
0.1168975904583931,29.26805305480957,0.20407605171203613,2.7920806407928467,0.07309103012084961,8.554496765136719,36,500.12451171875,6699,500.12451171875,
,,,,,,37,495.14990234375,6749,495.14990234375,
0.1250789761543274,30.267711639404297,0.22172164916992188,3.3467135429382324,0.06625056266784668,7.994948863983154,37,515.8818359375,6799,515.8818359375,
0.13490718603134155,27.284029006958008,0.24689102172851562,3.3168463706970215,0.07443547248840332,7.412503719329834,37,496.44390869140625,6849,496.44390869140625,
0.15139399468898773,35.561859130859375,0.32004523277282715,3.317295789718628,0.09647774696350098,6.605281352996826,37,497.3813781738281,6899,497.3813781738281,
,,,,,,38,504.07659912109375,6949,504.07659912109375,
0.11736983805894852,33.59954833984375,0.23447751998901367,3.8094778060913086,0.06155109405517578,8.520076751708984,38,498.2477722167969,6999,498.2477722167969,
0.14190354943275452,38.730751037597656,0.3569662570953369,4.586299419403076,0.07783317565917969,7.047039985656738,38,493.2191162109375,7049,493.2191162109375,
,,,,,,39,523.4967041015625,7099,523.4967041015625,
0.12971682846546173,40.41242599487305,0.3538384437561035,5.115736961364746,0.06916666030883789,7.709099769592285,39,495.086181640625,7149,495.086181640625,
0.11571135371923447,31.276042938232422,0.1991863250732422,2.845405340194702,0.07000279426574707,8.642193794250488,39,468.4026184082031,7199,468.4026184082031,
0.11645714193582535,24.211883544921875,0.184434175491333,2.387777328491211,0.0772409439086914,8.5868501663208,39,501.70147705078125,7249,501.70147705078125,
,,,,,,40,486.01422119140625,7299,486.01422119140625,
0.13096144795417786,37.946983337402344,0.39900684356689453,6.038099765777588,0.06608152389526367,7.63583517074585,40,487.99041748046875,7349,487.99041748046875,
0.1280844509601593,31.152315139770508,0.26703524589538574,3.2796316146850586,0.08142232894897461,7.80734920501709,40,498.7158203125,7399,498.7158203125,
0.1460963785648346,23.958372116088867,0.24390649795532227,2.434922218322754,0.10017013549804688,6.844796657562256,40,497.2937927246094,7449,497.2937927246094,
,,,,,,41,501.0935363769531,7499,501.0935363769531,
0.1260736733675003,24.859577178955078,0.23215794563293457,3.267576217651367,0.07104897499084473,7.931869983673096,41,494.8871154785156,7549,494.8871154785156,
0.135171040892601,28.972549438476562,0.2441997528076172,3.2483532428741455,0.07517647743225098,7.39803409576416,41,493.13958740234375,7599,493.13958740234375,
,,,,,,42,508.623291015625,7649,508.623291015625,
0.13292139768600464,42.86627960205078,0.4676485061645508,7.56473445892334,0.06181955337524414,7.523242950439453,42,500.274169921875,7699,500.274169921875,
0.13583239912986755,35.90205764770508,0.30547571182250977,4.06143856048584,0.07521367073059082,7.362013816833496,42,481.26971435546875,7749,481.26971435546875,
0.10529456287622452,29.405561447143555,0.20111393928527832,2.9945755004882812,0.06715941429138184,9.497166633605957,42,494.2457275390625,7799,494.2457275390625,
,,,,,,43,468.8157653808594,7849,468.8157653808594,
0.13288338482379913,39.853759765625,0.34299778938293457,4.869917869567871,0.07043194770812988,7.525395393371582,43,495.5155944824219,7899,495.5155944824219,
0.1267586648464203,25.55362892150879,0.20203256607055664,2.859612226486206,0.07065033912658691,7.889007091522217,43,503.5779724121094,7949,503.5779724121094,
0.1301831603050232,28.353008270263672,0.2250053882598877,2.8250136375427246,0.07964754104614258,7.681484699249268,43,482.5548095703125,7999,482.5548095703125,
,,,,,,43,,7999,,455.8226013183594
,,,,,,44,488.18914794921875,8049,488.18914794921875,
0.12033132463693619,26.915836334228516,0.21509051322937012,3.235490322113037,0.06647849082946777,8.31038761138916,44,495.6842346191406,8099,495.6842346191406,
0.13245145976543427,28.51959228515625,0.22571349143981934,3.251380681991577,0.06942081451416016,7.549935817718506,44,502.7572021484375,8149,502.7572021484375,
,,,,,,45,499.2712097167969,8199,499.2712097167969,
0.13873085379600525,48.03465270996094,0.4258151054382324,6.377243518829346,0.06677103042602539,7.2082014083862305,45,497.8593444824219,8249,497.8593444824219,
0.13536250591278076,27.84063148498535,0.20523285865783691,2.4653851985931396,0.08324575424194336,7.387569904327393,45,501.6868896484375,8299,501.6868896484375,
0.09922192245721817,25.81597137451172,0.1687023639678955,2.6613495349884033,0.06338977813720703,10.078417778015137,45,495.718505859375,8349,495.718505859375,
,,,,,,46,486.3932800292969,8399,486.3932800292969,
0.12942400574684143,41.3841438293457,0.30573201179504395,4.70218563079834,0.06501913070678711,7.726541996002197,46,496.0931091308594,8449,496.0931091308594,
0.13449355959892273,28.14512062072754,0.2259528636932373,2.762244462966919,0.08180046081542969,7.435300350189209,46,467.6944580078125,8499,467.6944580078125,
0.13641059398651123,25.176151275634766,0.21497845649719238,3.0090370178222656,0.07144427299499512,7.330808639526367,46,490.850341796875,8549,490.850341796875,
,,,,,,47,516.6676025390625,8599,516.6676025390625,
0.12397244572639465,27.857994079589844,0.2207043170928955,3.186018943786621,0.06927275657653809,8.066308975219727,47,492.250244140625,8649,492.250244140625,
0.12364010512828827,22.652301788330078,0.18454766273498535,2.3335111141204834,0.0790858268737793,8.087990760803223,47,496.49127197265625,8699,496.49127197265625,
,,,,,,48,495.7259216308594,8749,495.7259216308594,
0.12598079442977905,38.48466873168945,0.42261648178100586,5.22845458984375,0.08083009719848633,7.937717914581299,48,482.58953857421875,8799,482.58953857421875,
0.12877394258975983,26.50414276123047,0.2425994873046875,2.826402425765991,0.08583331108093262,7.7655463218688965,48,477.380615234375,8849,477.380615234375,
0.10401072353124619,29.37989044189453,0.1739661693572998,2.8180196285247803,0.06173348426818848,9.61439323425293,48,483.14288330078125,8899,483.14288330078125,
,,,,,,49,482.5885925292969,8949,482.5885925292969,
0.12070289254188538,37.805938720703125,0.25565671920776367,4.379406452178955,0.05837702751159668,8.284805297851562,49,503.635498046875,8999,503.635498046875,
0.1346665620803833,25.447607040405273,0.20659494400024414,2.97418212890625,0.06946277618408203,7.425747871398926,49,489.3655700683594,9049,489.3655700683594,
0.11637738347053528,30.313249588012695,0.22403264045715332,3.2178077697753906,0.06962275505065918,8.592735290527344,49,491.13763427734375,9099,491.13763427734375,
,,,,,,50,524.7620849609375,9149,524.7620849609375,
0.12639643251895905,74.40018463134766,0.9170658588409424,13.261481285095215,0.0691525936126709,7.91161584854126,50,501.74432373046875,9199,501.74432373046875,
0.12304800748825073,27.854143142700195,0.22775816917419434,3.3009681701660156,0.06899738311767578,8.126909255981445,50,499.9017028808594,9249,499.9017028808594,
,,,,,,51,491.3878173828125,9299,491.3878173828125,
0.12432193756103516,32.53923034667969,0.21559906005859375,3.4035840034484863,0.06334471702575684,8.043632507324219,51,469.68463134765625,9349,469.68463134765625,
0.17004507780075073,37.29352951049805,0.3444399833679199,4.133059024810791,0.08333778381347656,5.880793571472168,51,506.19964599609375,9399,506.19964599609375,
0.12679971754550934,27.705310821533203,0.22723388671875,3.0085039138793945,0.0755305290222168,7.886453151702881,51,506.7257080078125,9449,506.7257080078125,
,,,,,,52,485.423828125,9499,485.423828125,
0.12771493196487427,42.24022674560547,0.4909796714782715,7.089191436767578,0.06925749778747559,7.829937934875488,52,495.91204833984375,9549,495.91204833984375,
0.13750115036964417,26.54635238647461,0.21242213249206543,3.136950731277466,0.06771612167358398,7.2726664543151855,52,480.6570129394531,9599,480.6570129394531,
,,,,,,53,490.5093078613281,9649,490.5093078613281,
0.14121897518634796,104.1187515258789,1.387831449508667,20.98447036743164,0.06613612174987793,7.081201553344727,53,491.95220947265625,9699,491.95220947265625,
0.12559373676776886,27.357450485229492,0.19953393936157227,2.432194709777832,0.08203864097595215,7.9621806144714355,53,482.68231201171875,9749,482.68231201171875,
0.12239345908164978,30.774961471557617,0.2068462371826172,2.6253585815429688,0.07878780364990234,8.170371055603027,53,484.1167297363281,9799,484.1167297363281,
,,,,,,54,516.9954833984375,9849,516.9954833984375,
0.1368301957845688,42.97493362426758,0.4479641914367676,6.81355094909668,0.06574606895446777,7.308328628540039,54,485.5218505859375,9899,485.5218505859375,
0.1479574739933014,33.26573181152344,0.31623077392578125,3.4683451652526855,0.09117627143859863,6.7586989402771,54,494.77789306640625,9949,494.77789306640625,
0.13755899667739868,33.023101806640625,0.25603365898132324,3.448653221130371,0.07424163818359375,7.2696075439453125,54,487.2438049316406,9999,487.2438049316406,
,,,,,,54,,9999,,455.2880859375
,,,,,,55,472.2244873046875,10049,472.2244873046875,
0.12059955298900604,35.16746520996094,0.2343432903289795,3.699422597885132,0.06334590911865234,8.29190444946289,55,505.0116271972656,10099,505.0116271972656,
0.13478432595729828,33.711463928222656,0.24991512298583984,3.5570743083953857,0.07025861740112305,7.419260025024414,55,496.5613098144531,10149,496.5613098144531,
,,,,,,56,466.7978515625,10199,466.7978515625,
0.13505247235298157,59.84955596923828,0.6505773067474365,9.75448226928711,0.0666952133178711,7.404529571533203,56,494.2664794921875,10249,494.2664794921875,
0.1282949447631836,25.4150390625,0.2049248218536377,2.3827948570251465,0.08600187301635742,7.794538974761963,56,488.53326416015625,10299,488.53326416015625,
0.11477747559547424,27.435367584228516,0.19883251190185547,2.8744890689849854,0.06917142868041992,8.712510108947754,56,493.5590515136719,10349,493.5590515136719,
,,,,,,57,492.2833251953125,10399,492.2833251953125,
0.12119223922491074,27.239028930664062,0.21972918510437012,2.9431276321411133,0.07465839385986328,8.25135326385498,57,492.8095703125,10449,492.8095703125,
0.14606499671936035,32.605167388916016,0.2611210346221924,2.7879996299743652,0.0936589241027832,6.846267223358154,57,513.0639038085938,10499,513.0639038085938,
0.12560781836509705,26.052806854248047,0.18973350524902344,2.495453119277954,0.07603168487548828,7.961287975311279,57,472.8561096191406,10549,472.8561096191406,
,,,,,,58,484.9475402832031,10599,484.9475402832031,
0.13342925906181335,45.118377685546875,0.4393439292907715,6.2546610832214355,0.07024264335632324,7.494607925415039,58,488.8258972167969,10649,488.8258972167969,
0.13943348824977875,41.108158111572266,0.4373328685760498,5.835590362548828,0.07494235038757324,7.171878337860107,58,484.2881774902344,10699,484.2881774902344,
,,,,,,59,499.8230285644531,10749,499.8230285644531,
0.14309576153755188,36.46238327026367,0.3027815818786621,4.104649543762207,0.07376551628112793,6.9883270263671875,59,489.70263671875,10799,489.70263671875,
0.1350398063659668,28.456146240234375,0.21766042709350586,2.9799678325653076,0.07304120063781738,7.405223846435547,59,492.204833984375,10849,492.204833984375,
0.12414220720529556,30.278766632080078,0.2308788299560547,3.3373517990112305,0.06918025016784668,8.055277824401855,59,486.0308837890625,10899,486.0308837890625,
,,,,,,60,504.599609375,10949,504.599609375,
0.13937510550022125,26.938417434692383,0.22745418548583984,3.0122857093811035,0.07550883293151855,7.174882411956787,60,491.7832336425781,10999,491.7832336425781,
0.1446554958820343,31.03968620300293,0.34200525283813477,3.7529079914093018,0.09113073348999023,6.912976264953613,60,490.12109375,11049,490.12109375,
0.13593779504299164,26.580825805664062,0.21465015411376953,2.652247190475464,0.08093142509460449,7.3563055992126465,60,505.6724853515625,11099,505.6724853515625,
,,,,,,61,478.5355529785156,11149,478.5355529785156,
0.1280672699213028,34.37268829345703,0.24136018753051758,3.6263718605041504,0.06655693054199219,7.808396339416504,61,492.7987060546875,11199,492.7987060546875,
0.16002929210662842,64.26020812988281,0.7468628883361816,8.576885223388672,0.08707857131958008,6.2488555908203125,61,489.9949951171875,11249,489.9949951171875,
,,,,,,62,488.6570129394531,11299,488.6570129394531,
0.13950872421264648,39.25975036621094,0.2804908752441406,4.358145713806152,0.06436014175415039,7.168010234832764,62,511.3830871582031,11349,511.3830871582031,
0.12482275813817978,21.460987091064453,0.1882920265197754,2.0817677974700928,0.09044814109802246,8.011360168457031,62,487.47576904296875,11399,487.47576904296875,
0.11715830117464066,30.61973762512207,0.2102651596069336,2.5583620071411133,0.08218741416931152,8.535459518432617,62,494.0059509277344,11449,494.0059509277344,
,,,,,,63,498.26220703125,11499,498.26220703125,
0.1255396157503128,33.8675651550293,0.219221830368042,3.3132970333099365,0.06616425514221191,7.96561336517334,63,495.80523681640625,11549,495.80523681640625,
0.1381942331790924,29.104053497314453,0.23780012130737305,2.9055004119873047,0.08184480667114258,7.236191749572754,63,489.13812255859375,11599,489.13812255859375,
,,,,,,64,515.5474243164062,11649,515.5474243164062,
0.11164307594299316,33.01762771606445,0.24109220504760742,3.924286127090454,0.06143593788146973,8.95711612701416,64,493.16497802734375,11699,493.16497802734375,
0.19928878545761108,75.40859985351562,1.1213908195495605,11.114704132080078,0.10089254379272461,5.017843723297119,64,466.11187744140625,11749,466.11187744140625,
0.11751407384872437,28.713603973388672,0.21716713905334473,3.0704212188720703,0.07072877883911133,8.509618759155273,64,500.72442626953125,11799,500.72442626953125,
,,,,,,65,481.3748474121094,11849,481.3748474121094,
0.13494466245174408,48.07979965209961,0.32749080657958984,5.165584087371826,0.06339859962463379,7.410444736480713,65,485.31524658203125,11899,485.31524658203125,
0.12157279253005981,27.9965763092041,0.19463634490966797,2.687255382537842,0.07242941856384277,8.22552490234375,65,490.47747802734375,11949,490.47747802734375,
0.11950195580720901,29.656293869018555,0.20676946640014648,2.952514886856079,0.07003164291381836,8.368063926696777,65,490.91058349609375,11999,490.91058349609375,
,,,,,,65,,11999,,453.56512451171875
,,,,,,66,496.4770202636719,12049,496.4770202636719,
0.11312810331583023,33.29281997680664,0.22269630432128906,3.4281058311462402,0.06496191024780273,8.839536666870117,66,490.4100341796875,12099,490.4100341796875,
0.12908108532428741,28.63006591796875,0.2516481876373291,3.6147749423980713,0.06961655616760254,7.747067928314209,66,484.50531005859375,12149,484.50531005859375,
,,,,,,67,506.8992919921875,12199,506.8992919921875,
0.1272711455821991,78.69206237792969,0.9605522155761719,15.449044227600098,0.06217551231384277,7.857240676879883,67,493.02423095703125,12249,493.02423095703125,
0.1646411120891571,55.94879150390625,0.7491888999938965,8.135303497314453,0.09209108352661133,6.073817253112793,67,479.92669677734375,12299,479.92669677734375,
0.13932092487812042,40.647705078125,0.365386962890625,4.521472454071045,0.0808115005493164,7.177672386169434,67,490.52532958984375,12349,490.52532958984375,
,,,,,,68,468.8221435546875,12399,468.8221435546875,
0.11766335368156433,28.514150619506836,0.20423030853271484,3.271341323852539,0.06243014335632324,8.498823165893555,68,490.6746520996094,12449,490.6746520996094,
0.1744071990251541,32.334590911865234,0.3532123565673828,3.509260654449463,0.10065150260925293,5.733708381652832,68,493.6500244140625,12499,493.6500244140625,
0.13153548538684845,37.793479919433594,0.39149975776672363,5.27067756652832,0.0742788314819336,7.602511405944824,68,481.89349365234375,12549,481.89349365234375,
,,,,,,69,482.7792663574219,12599,482.7792663574219,
0.12382648885250092,37.32200241088867,0.2544701099395752,4.123557090759277,0.06171131134033203,8.07581615447998,69,493.6358642578125,12649,493.6358642578125,
0.1280377358198166,23.481346130371094,0.201890230178833,2.348421096801758,0.0859684944152832,7.810197353363037,69,492.41796875,12699,492.41796875,
,,,,,,70,493.1405029296875,12749,493.1405029296875,
0.12160056084394455,31.892559051513672,0.22771525382995605,3.2600066661834717,0.06985116004943848,8.22364616394043,70,494.638427734375,12799,494.638427734375,
0.1351223737001419,27.3519287109375,0.23306798934936523,3.1855666637420654,0.07316374778747559,7.400699138641357,70,495.2347106933594,12849,495.2347106933594,
0.14884036779403687,32.0352783203125,0.2592606544494629,3.318819999694824,0.07811832427978516,6.7186079025268555,70,491.1866455078125,12899,491.1866455078125,
,,,,,,71,486.944091796875,12949,486.944091796875,
0.1151728630065918,31.990081787109375,0.20791983604431152,3.2503392696380615,0.06396865844726562,8.682600975036621,71,493.58721923828125,12999,493.58721923828125,
0.1599237471818924,32.18840026855469,0.32816433906555176,3.6599349975585938,0.08966398239135742,6.252979755401611,71,464.7528381347656,13049,464.7528381347656,
0.12416152656078339,28.31081771850586,0.23341107368469238,3.340762138366699,0.06986761093139648,8.054024696350098,71,487.8063659667969,13099,487.8063659667969,
,,,,,,72,512.1998901367188,13149,512.1998901367188,
0.14281368255615234,56.306068420410156,0.4474811553955078,6.806919574737549,0.06573915481567383,7.002130031585693,72,490.93072509765625,13199,490.93072509765625,
0.1310834288597107,24.634048461914062,0.21180176734924316,2.610239267349243,0.08114266395568848,7.628728866577148,72,491.9940490722656,13249,491.9940490722656,
,,,,,,73,485.5368347167969,13299,485.5368347167969,
0.11722472310066223,35.29053497314453,0.3109314441680908,4.712854385375977,0.06597518920898438,8.530623435974121,73,479.58160400390625,13349,479.58160400390625,
0.13738374412059784,27.4962158203125,0.2537407875061035,2.8201067447662354,0.08997559547424316,7.278882026672363,73,470.12744140625,13399,470.12744140625,
0.14924289286136627,39.502899169921875,0.37052464485168457,4.558072566986084,0.08128976821899414,6.700486660003662,73,481.318115234375,13449,481.318115234375,
,,,,,,74,480.60284423828125,13499,480.60284423828125,
0.12779098749160767,35.970272064208984,0.25568699836730957,3.667853355407715,0.06971025466918945,7.825278282165527,74,505.64288330078125,13549,505.64288330078125,
0.17416912317276,45.802284240722656,0.4699130058288574,5.422779560089111,0.0866553783416748,5.741545677185059,74,486.12042236328125,13599,486.12042236328125,
0.11036783456802368,22.733448028564453,0.18383049964904785,2.6119627952575684,0.07038021087646484,9.0606107711792,74,482.2417907714844,13649,482.2417907714844,
,,,,,,75,517.3671875,13699,517.3671875,
0.14517313241958618,49.437744140625,0.45243191719055176,6.828120231628418,0.06626009941101074,6.888326644897461,75,505.14007568359375,13749,505.14007568359375,
0.15107102692127228,75.59192657470703,0.9100418090820312,9.819260597229004,0.09267926216125488,6.619402885437012,75,492.3308410644531,13799,492.3308410644531,
,,,,,,76,489.8962707519531,13849,489.8962707519531,
0.12487444281578064,33.1898078918457,0.22966933250427246,3.4144303798675537,0.06726431846618652,8.00804328918457,76,462.7015686035156,13899,462.7015686035156,
0.1337602436542511,28.067066192626953,0.2336714267730713,2.993241310119629,0.07806634902954102,7.476062774658203,76,500.72833251953125,13949,500.72833251953125,
0.16153429448604584,33.0665283203125,0.3321504592895508,3.6367671489715576,0.09133124351501465,6.190635681152344,76,500.78515625,13999,500.78515625,
,,,,,,76,,13999,,453.6473388671875
,,,,,,77,483.9969177246094,14049,483.9969177246094,
0.12234973907470703,40.998321533203125,0.27682042121887207,4.48850679397583,0.06167316436767578,8.173291206359863,77,494.1005859375,14099,494.1005859375,
0.1585574597120285,56.76942825317383,0.7197797298431396,8.193182945251465,0.08785104751586914,6.306861877441406,77,476.74090576171875,14149,476.74090576171875,
,,,,,,78,485.14404296875,14199,485.14404296875,
0.14558543264865875,75.32946014404297,0.9310412406921387,17.01288604736328,0.05472564697265625,6.868819236755371,78,492.0836181640625,14249,492.0836181640625,
0.13453590869903564,23.568077087402344,0.20305418968200684,2.2793588638305664,0.08908390998840332,7.43295955657959,78,476.2150573730469,14299,476.2150573730469,
0.12428861856460571,25.65148162841797,0.2089557647705078,3.0926754474639893,0.06756472587585449,8.045788764953613,78,484.70263671875,14349,484.70263671875,
,,,,,,79,509.5999450683594,14399,509.5999450683594,
0.11556393653154373,29.34063720703125,0.21692872047424316,3.262568235397339,0.06649017333984375,8.653218269348145,79,479.37841796875,14449,479.37841796875,
0.1385403871536255,26.075420379638672,0.211409330368042,2.399178981781006,0.08811736106872559,7.218111991882324,79,493.698486328125,14499,493.698486328125,
0.16135208308696747,63.73046112060547,0.7497873306274414,10.282752990722656,0.07291698455810547,6.197627067565918,79,483.303955078125,14549,483.303955078125,
,,,,,,80,470.02734375,14599,470.02734375,
0.11787303537130356,47.665679931640625,0.4654965400695801,7.86209774017334,0.05920767784118652,8.483704566955566,80,505.842041015625,14649,505.842041015625,
0.172044038772583,38.61082458496094,0.3569521903991699,4.081751346588135,0.08745074272155762,5.812465667724609,80,491.52520751953125,14699,491.52520751953125,
,,,,,,81,461.8482666015625,14749,461.8482666015625,
0.14656057953834534,59.061683654785156,0.4414374828338623,6.896650314331055,0.06400752067565918,6.823117256164551,81,494.9986267089844,14799,494.9986267089844,
0.13657915592193604,27.26992416381836,0.2199397087097168,2.986741781234741,0.0736386775970459,7.321761608123779,81,487.4070129394531,14849,487.4070129394531,
0.12756383419036865,34.33086395263672,0.3001406192779541,4.0977463722229,0.07324528694152832,7.839212417602539,81,491.6847229003906,14899,491.6847229003906,
,,,,,,82,490.29931640625,14949,490.29931640625,
0.12434235215187073,31.314849853515625,0.25234270095825195,3.4376983642578125,0.07340455055236816,8.042311668395996,82,489.757568359375,14999,489.757568359375,
0.12901532649993896,23.472593307495117,0.20616912841796875,2.3749568462371826,0.08680963516235352,7.751017093658447,82,513.562744140625,15049,513.562744140625,
0.1122385710477829,33.830684661865234,0.21443724632263184,3.389835834503174,0.06325888633728027,8.909592628479004,82,470.6370849609375,15099,470.6370849609375,
,,,,,,83,483.33355712890625,15149,483.33355712890625,
0.12368016690015793,35.999359130859375,0.2560465335845947,3.9248640537261963,0.06523704528808594,8.085370063781738,83,483.0909423828125,15199,483.0909423828125,
0.13091742992401123,27.952062606811523,0.25214481353759766,3.5512945652008057,0.07100081443786621,7.638402462005615,83,484.4989929199219,15249,484.4989929199219,
,,,,,,84,494.25537109375,15299,494.25537109375,
0.1255117952823639,49.848575592041016,0.5065734386444092,7.654728412628174,0.0661778450012207,7.967378616333008,84,485.26495361328125,15349,485.26495361328125,
0.1400105208158493,26.43471336364746,0.24383139610290527,2.4043290615081787,0.10141348838806152,7.14232063293457,84,487.85430908203125,15399,487.85430908203125,
0.11981586366891861,27.23554039001465,0.2244267463684082,3.266047239303589,0.06871509552001953,8.346139907836914,84,478.759521484375,15449,478.759521484375,
,,,,,,85,503.1485595703125,15499,503.1485595703125,
0.142753005027771,41.74308395385742,0.4029819965362549,5.7651777267456055,0.06989932060241699,7.005106449127197,85,487.0223083496094,15549,487.0223083496094,
0.12324488908052444,31.31757926940918,0.21000027656555176,3.1646523475646973,0.06635808944702148,8.113926887512207,85,486.84234619140625,15599,486.84234619140625,
0.12839920818805695,26.45777130126953,0.19991111755371094,2.599471092224121,0.0769045352935791,7.788209915161133,85,502.6368408203125,15649,502.6368408203125,
,,,,,,86,475.7954406738281,15699,475.7954406738281,
0.1313825398683548,24.949785232543945,0.21128010749816895,2.5616157054901123,0.08247923851013184,7.611361026763916,86,492.3192443847656,15749,492.3192443847656,
0.15009281039237976,58.44506072998047,0.6734898090362549,9.455562591552734,0.07122683525085449,6.662544250488281,86,486.57501220703125,15799,486.57501220703125,
,,,,,,87,485.61688232421875,15849,485.61688232421875,
0.13262435793876648,44.41796875,0.3463613986968994,5.240423679351807,0.06609416007995605,7.540092945098877,87,510.379638671875,15899,510.379638671875,
0.13339956104755402,39.18967819213867,0.3542811870574951,4.602798938751221,0.07697081565856934,7.49627685546875,87,485.36346435546875,15949,485.36346435546875,
0.10916221886873245,24.16495132446289,0.17499375343322754,2.5918915271759033,0.06751585006713867,9.16067886352539,87,489.97064208984375,15999,489.97064208984375,
,,,,,,87,,15999,,453.7135314941406
,,,,,,88,493.06103515625,16049,493.06103515625,
0.14291146397590637,35.71488571166992,0.2761685848236084,3.469616651535034,0.07959628105163574,6.997339725494385,88,489.1977233886719,16099,489.1977233886719,
0.13090386986732483,24.86338996887207,0.20581912994384766,2.7695298194885254,0.07431554794311523,7.639193534851074,88,487.0393981933594,16149,487.0393981933594,
,,,,,,89,514.4221801757812,16199,514.4221801757812,
0.13028894364833832,28.557226181030273,0.24827051162719727,3.611525535583496,0.06874394416809082,7.675248146057129,89,487.6511535644531,16249,487.6511535644531,
0.16865485906600952,58.650474548339844,0.7771189212799072,7.856158256530762,0.09891843795776367,5.929269313812256,89,460.980224609375,16299,460.980224609375,
0.11835378408432007,30.910696029663086,0.20990586280822754,3.040191411972046,0.06904363632202148,8.449243545532227,89,496.12103271484375,16349,496.12103271484375,
,,,,,,90,479.5289611816406,16399,479.5289611816406,
0.13018909096717834,42.17073059082031,0.4419443607330322,6.280724048614502,0.07036519050598145,7.681135177612305,90,483.197265625,16449,483.197265625,
0.1533556580543518,32.110633850097656,0.28073883056640625,3.0456206798553467,0.0921778678894043,6.520789623260498,90,491.09954833984375,16499,491.09954833984375,
0.11415106058120728,29.21632194519043,0.21541953086853027,2.9038379192352295,0.07418441772460938,8.760321617126465,90,487.6641845703125,16549,487.6641845703125,
,,,,,,91,491.2823486328125,16599,491.2823486328125,
0.14668989181518555,40.691307067871094,0.3693845272064209,4.895524024963379,0.07545351982116699,6.817102432250977,91,485.2561340332031,16649,485.2561340332031,
0.129201740026474,27.6676025390625,0.22313547134399414,3.0460572242736816,0.07325387001037598,7.739833831787109,91,485.19921875,16699,485.19921875,
,,,,,,92,504.931396484375,16749,504.931396484375,
0.13850483298301697,28.56816864013672,0.24625325202941895,3.5929598808288574,0.06853771209716797,7.219964981079102,92,490.7015075683594,16799,490.7015075683594,
0.14350444078445435,31.054508209228516,0.2690858840942383,2.8233840465545654,0.0953061580657959,6.968425750732422,92,471.97320556640625,16849,471.97320556640625,
0.1295488327741623,28.830739974975586,0.21755719184875488,3.008307933807373,0.07231879234313965,7.719097137451172,92,488.482177734375,16899,488.482177734375,
,,,,,,93,467.5334777832031,16949,467.5334777832031,
0.11814803630113602,30.428634643554688,0.27808713912963867,4.134317874908447,0.06726312637329102,8.463957786560059,93,489.1875,16999,489.1875,
0.1685107946395874,47.8286247253418,0.5439705848693848,6.05430793762207,0.08984851837158203,5.934338092803955,93,497.0335388183594,17049,497.0335388183594,
0.09941995143890381,21.65613555908203,0.16039204597473145,2.2483716011047363,0.07133698463439941,10.058342933654785,93,477.0702819824219,17099,477.0702819824219,
,,,,,,94,479.2904052734375,17149,479.2904052734375,
0.15990732610225677,57.22066879272461,0.7207057476043701,10.6049222946167,0.06795954704284668,6.253622055053711,94,493.04693603515625,17199,493.04693603515625,
0.13796283304691315,28.244670867919922,0.22586727142333984,2.754254102706909,0.08200669288635254,7.248329162597656,94,485.23980712890625,17249,485.23980712890625,
,,,,,,95,489.8415832519531,17299,489.8415832519531,
0.12842538952827454,32.91854476928711,0.23574614524841309,3.448064088821411,0.06837058067321777,7.786622047424316,95,493.8228759765625,17349,493.8228759765625,
0.13469372689723969,25.59246253967285,0.23296427726745605,2.5186569690704346,0.09249544143676758,7.424251079559326,95,491.26019287109375,17399,491.26019287109375,
0.12221118062734604,32.944217681884766,0.25957632064819336,3.7757132053375244,0.06874895095825195,8.182557106018066,95,484.91839599609375,17449,484.91839599609375,
,,,,,,96,480.5093994140625,17499,480.5093994140625,
0.11181847006082535,25.214740753173828,0.18403291702270508,2.6849467754364014,0.06854248046875,8.943065643310547,96,492.0568542480469,17549,492.0568542480469,
0.15625494718551636,32.54594421386719,0.3178572654724121,3.4630560874938965,0.09178519248962402,6.399796962738037,96,462.81378173828125,17599,462.81378173828125,
0.11159023642539978,23.83959197998047,0.19549989700317383,2.737356185913086,0.07141923904418945,8.961358070373535,96,484.6590270996094,17649,484.6590270996094,
,,,,,,97,508.153564453125,17699,508.153564453125,
0.14136150479316711,42.51409912109375,0.42028260231018066,6.501484394073486,0.06464409828186035,7.074061870574951,97,491.0291442871094,17749,491.0291442871094,
0.16159887611865997,101.91671752929688,1.2829618453979492,16.86225128173828,0.07608485221862793,6.188161849975586,97,488.0045166015625,17799,488.0045166015625,
,,,,,,98,489.591552734375,17849,489.591552734375,
0.13479726016521454,34.892486572265625,0.29962825775146484,4.544206142425537,0.06593632698059082,7.418548107147217,98,478.12640380859375,17899,478.12640380859375,
0.137274369597435,27.409757614135742,0.2236952781677246,2.597134590148926,0.08613157272338867,7.2846808433532715,98,469.3214111328125,17949,469.3214111328125,
0.13842430710792542,26.03819465637207,0.22782158851623535,2.5911755561828613,0.0879220962524414,7.224164962768555,98,483.5466613769531,17999,483.5466613769531,
,,,,,,98,,17999,,452.4465026855469
,,,,,,99,475.5715637207031,18049,475.5715637207031,
0.12571027874946594,29.630138397216797,0.2293236255645752,2.871880292892456,0.07985138893127441,7.954799175262451,99,500.2958984375,18099,500.2958984375,
0.14727002382278442,28.69605255126953,0.24335980415344238,3.4894909858703613,0.06974077224731445,6.790247917175293,99,481.6682434082031,18149,481.6682434082031,
0.12621639668941498,27.80620765686035,0.22409915924072266,3.252117395401001,0.06890869140625,7.922900676727295,99,486.3097229003906,18199,486.3097229003906,
,,,,,,100,518.79833984375,18249,518.79833984375,
0.1617220789194107,78.623291015625,1.1325063705444336,19.413738250732422,0.058335304260253906,6.18344783782959,100,497.49053955078125,18299,497.49053955078125,
0.13252916932106018,24.285329818725586,0.2083728313446045,2.424715518951416,0.0859370231628418,7.545508861541748,100,491.81915283203125,18349,491.81915283203125,
,,,,,,101,485.6325988769531,18399,485.6325988769531,
0.13988849520683289,38.943965911865234,0.31243014335632324,4.963719844818115,0.0629427433013916,7.148550987243652,101,461.74151611328125,18449,461.74151611328125,
0.1451166719198227,29.185144424438477,0.26723194122314453,2.9713246822357178,0.08993697166442871,6.891006946563721,101,498.6069641113281,18499,498.6069641113281,
0.11489149928092957,28.569433212280273,0.205247163772583,2.9491307735443115,0.0695958137512207,8.703864097595215,101,499.3153076171875,18549,499.3153076171875,
,,,,,,102,480.48675537109375,18599,480.48675537109375,
0.1328415721654892,32.850894927978516,0.3042440414428711,3.792238473892212,0.08022809028625488,7.527763843536377,102,490.0532531738281,18649,490.0532531738281,
0.12639351189136505,21.813344955444336,0.19306135177612305,2.409499168395996,0.08012509346008301,7.911798477172852,102,476.69000244140625,18699,476.69000244140625,
,,,,,,103,485.0440673828125,18749,485.0440673828125,
0.12855665385723114,63.20718002319336,0.7750911712646484,11.170751571655273,0.06938576698303223,7.778671741485596,103,488.4166259765625,18799,488.4166259765625,
0.18460029363632202,38.92206573486328,0.4454324245452881,5.9721479415893555,0.0745849609375,5.417109489440918,103,474.270751953125,18849,474.270751953125,
0.11433377861976624,31.307031631469727,0.21127772331237793,2.9307918548583984,0.07208895683288574,8.746321678161621,103,483.6637878417969,18899,483.6637878417969,
,,,,,,104,510.3231506347656,18949,510.3231506347656,
0.12408601492643356,42.16115951538086,0.3025784492492676,5.096749782562256,0.05936694145202637,8.05892562866211,104,483.20330810546875,18999,483.20330810546875,
0.1412845253944397,30.26465606689453,0.28086328506469727,3.2896013259887695,0.08537912368774414,7.077916145324707,104,490.8549499511719,19049,490.8549499511719,
0.12147270888090134,27.53101921081543,0.20848774909973145,2.8562874794006348,0.07299256324768066,8.232301712036133,104,480.3740234375,19099,480.3740234375,
,,,,,,105,465.9112243652344,19149,465.9112243652344,
0.12796463072299957,36.806419372558594,0.2753419876098633,4.685766220092773,0.0587613582611084,7.814659118652344,105,503.6391296386719,19199,503.6391296386719,
0.12861031293869019,29.605424880981445,0.2307143211364746,3.0989553928375244,0.07444906234741211,7.775425910949707,105,491.15618896484375,19249,491.15618896484375,
,,,,,,106,461.967529296875,19299,461.967529296875,
0.13829965889453888,31.618141174316406,0.26563572883605957,3.7251439094543457,0.07130885124206543,7.23067569732666,106,493.6152648925781,19349,493.6152648925781,
0.13945476710796356,30.021902084350586,0.2770202159881592,3.8209564685821533,0.07250022888183594,7.1707844734191895,106,486.80322265625,19399,486.80322265625,
0.16738426685333252,30.17478370666504,0.30977320671081543,3.87502121925354,0.0799410343170166,5.974277019500732,106,489.9264221191406,19449,489.9264221191406,
,,,,,,107,484.1282043457031,19499,484.1282043457031,
0.11484354734420776,29.072465896606445,0.21717619895935059,3.2898006439208984,0.06601500511169434,8.707498550415039,107,486.2687072753906,19549,486.2687072753906,
0.14730195701122284,31.266864776611328,0.31403541564941406,3.5650274753570557,0.08808779716491699,6.78877592086792,107,512.2008056640625,19599,512.2008056640625,
0.12134336680173874,26.721647262573242,0.19257497787475586,2.612849473953247,0.07370305061340332,8.241076469421387,107,466.2578125,19649,466.2578125,
,,,,,,108,479.15277099609375,19699,479.15277099609375,
0.14169806241989136,46.7618522644043,0.3073740005493164,4.662471294403076,0.06592512130737305,7.057259559631348,108,484.63360595703125,19749,484.63360595703125,
0.15279768407344818,71.85198211669922,0.8767299652099609,10.610167503356934,0.08263111114501953,6.544601917266846,108,482.747314453125,19799,482.747314453125,
,,,,,,109,494.0634765625,19849,494.0634765625,
0.12320312857627869,29.94683074951172,0.2396101951599121,3.7703638076782227,0.06355094909667969,8.116677284240723,109,486.17608642578125,19899,486.17608642578125,
0.15359535813331604,29.554943084716797,0.2578859329223633,2.776670455932617,0.09287595748901367,6.510613441467285,109,485.94940185546875,19949,485.94940185546875,
0.10890620201826096,32.086727142333984,0.19973969459533691,2.724691390991211,0.07330727577209473,9.18221378326416,109,480.405517578125,19999,480.405517578125,
,,,,,,109,,19999,,452.3954162597656
,,,,,,110,502.46435546875,20049,502.46435546875,
0.12838520109653473,49.939090728759766,0.35068249702453613,6.0586934089660645,0.05788087844848633,7.789059638977051,110,486.8460693359375,20099,486.8460693359375,
0.13146817684173584,28.894716262817383,0.24061870574951172,2.736793041229248,0.08791995048522949,7.606403827667236,110,486.9283752441406,20149,486.9283752441406,
0.11495131254196167,32.553077697753906,0.2032763957977295,3.056647777557373,0.06650304794311523,8.699335098266602,110,501.39739990234375,20199,501.39739990234375,
,,,,,,111,474.46209716796875,20249,474.46209716796875,
0.13383828103542328,54.66511917114258,0.41631197929382324,6.624099254608154,0.06284809112548828,7.471704006195068,111,491.40338134765625,20299,491.40338134765625,
0.13503438234329224,24.004108428955078,0.20049095153808594,2.2330684661865234,0.08978271484375,7.405520915985107,111,488.4870300292969,20349,488.4870300292969,
,,,,,,112,487.7358093261719,20399,487.7358093261719,
0.13485659658908844,30.887462615966797,0.27572154998779297,3.811793327331543,0.07233381271362305,7.415284156799316,112,506.5486755371094,20449,506.5486755371094,
0.15821494162082672,50.14570617675781,0.5578567981719971,6.019064426422119,0.0926816463470459,6.320515155792236,112,484.0442810058594,20499,484.0442810058594,
0.12312249094247818,51.930084228515625,0.4445767402648926,6.850289821624756,0.06489896774291992,8.121993064880371,112,485.11004638671875,20549,485.11004638671875,
,,,,,,113,491.7535705566406,20599,491.7535705566406,
0.11086694151163101,31.361343383789062,0.23009729385375977,3.5555531978607178,0.06471490859985352,9.019821166992188,113,488.15533447265625,20649,488.15533447265625,
0.17337754368782043,35.60712814331055,0.4296140670776367,4.428591728210449,0.09700918197631836,5.767759799957275,113,485.20257568359375,20699,485.20257568359375,
,,,,,,114,511.03509521484375,20749,511.03509521484375,
0.13825717568397522,37.1480712890625,0.328930139541626,4.933639049530029,0.06667089462280273,7.232897758483887,114,489.1787109375,20799,489.1787109375,
0.13189998269081116,28.561609268188477,0.2101752758026123,2.526355743408203,0.08319306373596191,7.581502437591553,114,463.08245849609375,20849,463.08245849609375,
0.10017366707324982,28.545133590698242,0.19641685485839844,2.88549542427063,0.0680704116821289,9.98266315460205,114,492.7840270996094,20899,492.7840270996094,
,,,,,,115,478.0231018066406,20949,478.0231018066406,
0.125209242105484,31.545530319213867,0.2349684238433838,3.6490261554718018,0.06439208984375,7.986630916595459,115,481.48553466796875,20999,481.48553466796875,
0.14867345988750458,30.78973388671875,0.26519322395324707,3.6971945762634277,0.07172822952270508,6.7261505126953125,115,487.7325134277344,21049,487.7325134277344,
0.13630647957324982,33.52006912231445,0.2702035903930664,3.9486711025238037,0.06842899322509766,7.3364081382751465,115,485.6793518066406,21099,485.6793518066406,
,,,,,,116,493.4515380859375,21149,493.4515380859375,
0.11729453504085541,31.665172576904297,0.2325451374053955,3.2299954891204834,0.07199549674987793,8.52554702758789,116,482.43902587890625,21199,482.43902587890625,
0.17129148542881012,36.845970153808594,0.34525179862976074,4.019705772399902,0.08588981628417969,5.838001728057861,116,480.7884826660156,21249,480.7884826660156,
,,,,,,117,500.0814208984375,21299,500.0814208984375,
0.1362881064414978,48.339900970458984,0.5585236549377441,8.415331840515137,0.06636977195739746,7.337397575378418,117,496.1430358886719,21349,496.1430358886719,
0.13759316504001617,25.292247772216797,0.20833706855773926,2.883648157119751,0.07224774360656738,7.267802715301514,117,472.04144287109375,21399,472.04144287109375,
0.10360830277204514,32.48038101196289,0.22445940971374512,3.377887487411499,0.06644964218139648,9.65173625946045,117,487.9598388671875,21449,487.9598388671875,
,,,,,,118,464.92132568359375,21499,464.92132568359375,
0.1284502148628235,36.675594329833984,0.27962350845336914,4.792580604553223,0.05834507942199707,7.7851176261901855,118,489.61016845703125,21549,489.61016845703125,
0.14059506356716156,23.705747604370117,0.21865248680114746,2.2767319679260254,0.0960378646850586,7.1126251220703125,118,493.94085693359375,21599,493.94085693359375,
0.1187891736626625,28.022005081176758,0.1946876049041748,2.745264768600464,0.07091760635375977,8.418275833129883,118,475.5799255371094,21649,475.5799255371094,
,,,,,,119,478.32476806640625,21699,478.32476806640625,
0.13821247220039368,31.11641502380371,0.27512145042419434,4.134751319885254,0.06653881072998047,7.2352375984191895,119,487.58941650390625,21749,487.58941650390625,
0.12942470610141754,26.620141983032227,0.203932523727417,2.3020827770233154,0.08858609199523926,7.726500034332275,119,486.671875,21799,486.671875,
,,,,,,120,489.11395263671875,21849,489.11395263671875,
0.12250981479883194,31.358346939086914,0.21298575401306152,3.0691771507263184,0.06939506530761719,8.16261100769043,120,489.8439025878906,21899,489.8439025878906,
0.1663544923067093,33.11964797973633,0.31722068786621094,3.7655303478240967,0.0842432975769043,6.011259078979492,120,493.3585510253906,21949,493.3585510253906,
0.10334532707929611,27.650346755981445,0.214705228805542,3.2214455604553223,0.06664872169494629,9.67629623413086,120,489.6849365234375,21999,489.6849365234375,
,,,,,,120,,21999,,452.84234619140625
,,,,,,121,479.25018310546875,22049,479.25018310546875,
0.14062686264514923,48.20215606689453,0.3337991237640381,5.52183198928833,0.06045079231262207,7.111016750335693,121,491.0363464355469,22099,491.0363464355469,
0.13175150752067566,28.973716735839844,0.23399901390075684,3.024669885635376,0.07736349105834961,7.59004545211792,121,465.010009765625,22149,465.010009765625,
0.11596549302339554,29.88678741455078,0.1935563087463379,2.500335693359375,0.07741212844848633,8.623254776000977,121,482.0428466796875,22199,482.0428466796875,
,,,,,,122,506.0720520019531,22249,506.0720520019531,
0.14453303813934326,60.27012252807617,0.8401181697845459,11.946767807006836,0.07032179832458496,6.918833255767822,122,488.12457275390625,22299,488.12457275390625,
0.13848179578781128,29.595502853393555,0.21730995178222656,3.1236236095428467,0.06956982612609863,7.221165657043457,122,485.1406555175781,22349,485.1406555175781,
,,,,,,123,481.958984375,22399,481.958984375,
0.12471486628055573,33.17487716674805,0.2545316219329834,3.4648399353027344,0.07346129417419434,8.018290519714355,123,476.18035888671875,22449,476.18035888671875,
0.15523415803909302,31.227745056152344,0.2741236686706543,2.972033739089966,0.09223437309265137,6.44188117980957,123,469.9925537109375,22499,469.9925537109375,
0.10327333211898804,30.47793197631836,0.1759960651397705,2.5841877460479736,0.06810498237609863,9.683042526245117,123,480.1109619140625,22549,480.1109619140625,
,,,,,,124,474.90167236328125,22599,474.90167236328125,
0.12491206079721451,38.17637252807617,0.26050400733947754,3.9989495277404785,0.06514310836791992,8.005631446838379,124,502.5724182128906,22649,502.5724182128906,
0.13880811631679535,28.927461624145508,0.2328946590423584,3.248523473739624,0.07169246673583984,7.204189300537109,124,480.25823974609375,22699,480.25823974609375,
0.10838077962398529,29.454605102539062,0.22328543663024902,3.240286350250244,0.0689091682434082,9.226728439331055,124,482.7492370605469,22749,482.7492370605469,
,,,,,,125,514.7178955078125,22799,514.7178955078125,
0.14566528797149658,36.18851089477539,0.36049652099609375,4.430694103240967,0.08136343955993652,6.865053653717041,125,497.2646484375,22849,497.2646484375,
0.13507361710071564,24.739002227783203,0.22184205055236816,2.5805256366729736,0.0859677791595459,7.403369903564453,125,490.5831298828125,22899,490.5831298828125,
,,,,,,126,486.9627380371094,22949,486.9627380371094,
0.12657293677330017,33.43144607543945,0.3040287494659424,4.538717746734619,0.0669856071472168,7.900582790374756,126,460.89703369140625,22999,460.89703369140625,
0.1897497922182083,54.052799224853516,0.6340038776397705,7.38998556137085,0.08579230308532715,5.2700982093811035,126,498.16278076171875,23049,498.16278076171875,
0.13666421175003052,33.07585144042969,0.26570653915405273,3.6007509231567383,0.0737919807434082,7.31720495223999,126,498.65655517578125,23099,498.65655517578125,
,,,,,,127,476.22772216796875,23149,476.22772216796875,
0.11331385374069214,34.0335578918457,0.24998784065246582,4.50422477722168,0.05550074577331543,8.82504653930664,127,490.8638916015625,23199,490.8638916015625,
0.15446233749389648,31.54595947265625,0.25562167167663574,2.6179556846618652,0.0976417064666748,6.474070072174072,127,473.29638671875,23249,473.29638671875,
,,,,,,128,481.53387451171875,23299,481.53387451171875,
0.13923637568950653,44.013797760009766,0.5101749897003174,7.190889835357666,0.07094740867614746,7.182031154632568,128,486.90716552734375,23349,486.90716552734375,
0.12420130521059036,25.484554290771484,0.2096726894378662,2.5502655506134033,0.08221602439880371,8.051445007324219,128,472.22918701171875,23399,472.22918701171875,
0.11723597347736359,27.508169174194336,0.199798583984375,2.8886544704437256,0.06916666030883789,8.529805183410645,128,482.7545166015625,23449,482.7545166015625,
,,,,,,129,510.7056884765625,23499,510.7056884765625,
0.11660684645175934,28.42967987060547,0.21318888664245605,3.1338415145874023,0.06802797317504883,8.575825691223145,129,482.7969665527344,23549,482.7969665527344,
0.15266619622707367,42.942378997802734,0.4819045066833496,6.05321741104126,0.07961130142211914,6.550238609313965,129,490.99407958984375,23599,490.99407958984375,
0.10861174762248993,32.71112823486328,0.19968342781066895,3.0064685344696045,0.06641793251037598,9.207107543945312,129,481.57666015625,23649,481.57666015625,
,,,,,,130,465.30816650390625,23699,465.30816650390625,
0.12010718882083893,40.22578048706055,0.2865283489227295,4.4198784828186035,0.06482720375061035,8.325896263122559,130,503.390869140625,23749,503.390869140625,
0.17364725470542908,95.32443237304688,1.2979843616485596,15.102937698364258,0.08594250679016113,5.758800983428955,130,490.76629638671875,23799,490.76629638671875,
,,,,,,131,463.5431213378906,23849,463.5431213378906,
0.13995006680488586,34.25197219848633,0.3049287796020508,4.584051132202148,0.06651949882507324,7.1454057693481445,131,489.87261962890625,23899,489.87261962890625,
0.1382582038640976,21.90800666809082,0.2095789909362793,2.5851852893829346,0.0810692310333252,7.23284387588501,131,486.50848388671875,23949,486.50848388671875,
0.1296202838420868,28.343198776245117,0.2092595100402832,2.796062469482422,0.07484078407287598,7.714842319488525,131,486.80438232421875,23999,486.80438232421875,
,,,,,,131,,23999,,452.78106689453125
,,,,,,132,487.8885803222656,24049,487.8885803222656,
0.1144963875412941,29.15398406982422,0.20319437980651855,2.9347963333129883,0.06923627853393555,8.73390007019043,132,484.107666015625,24099,484.107666015625,
0.15009693801403046,33.20210647583008,0.2663278579711914,3.669590473175049,0.07257699966430664,6.662361145019531,132,511.6184387207031,24149,511.6184387207031,
0.117296501994133,31.719614028930664,0.19538116455078125,2.499864339828491,0.07815670967102051,8.525403022766113,132,467.4429016113281,24199,467.4429016113281,
,,,,,,133,478.51788330078125,24249,478.51788330078125,
0.15924257040023804,70.46082305908203,0.873502254486084,12.660239219665527,0.06899571418762207,6.279727935791016,133,480.8925476074219,24299,480.8925476074219,
0.14052076637744904,21.55483627319336,0.2140517234802246,2.601008653640747,0.08229565620422363,7.1163859367370605,133,481.8016357421875,24349,481.8016357421875,
,,,,,,134,491.20721435546875,24399,491.20721435546875,
0.1286763995885849,36.368324279785156,0.29090428352355957,4.352656364440918,0.0668337345123291,7.771432399749756,134,480.7359313964844,24449,480.7359313964844,
0.13031311333179474,26.07243537902832,0.24333643913269043,2.7572216987609863,0.08825421333312988,7.673824787139893,134,486.233642578125,24499,486.233642578125,
0.11474904417991638,26.232093811035156,0.18999552726745605,2.7124691009521484,0.07004523277282715,8.714670181274414,134,479.24560546875,24549,479.24560546875,
,,,,,,135,499.92486572265625,24599,499.92486572265625,
0.14208060503005981,32.18230056762695,0.3011648654937744,4.484105587005615,0.06716275215148926,7.038258075714111,135,485.9552917480469,24649,485.9552917480469,
0.15665538609027863,32.032867431640625,0.32933545112609863,3.4314825534820557,0.09597468376159668,6.383438587188721,135,487.840576171875,24699,487.840576171875,
0.11709176003932953,28.453704833984375,0.22153925895690918,3.337055206298828,0.06638765335083008,8.540310859680176,135,500.2646484375,24749,500.2646484375,
,,,,,,136,473.89410400390625,24799,473.89410400390625,
0.12103698402643204,34.12403106689453,0.22904086112976074,3.482595443725586,0.06576728820800781,8.261937141418457,136,490.86767578125,24849,490.86767578125,
0.11090045422315598,26.317062377929688,0.17365813255310059,2.566589593887329,0.06766104698181152,9.017095565795898,136,485.0521240234375,24899,485.0521240234375,
,,,,,,137,489.375244140625,24949,489.375244140625,
0.13674511015415192,55.36135482788086,0.5338051319122314,8.164166450500488,0.0653839111328125,7.312876224517822,137,505.0105895996094,24999,505.0105895996094,
0.12302625179290771,33.334590911865234,0.20915555953979492,2.824456214904785,0.0740516185760498,8.12834644317627,137,482.39837646484375,25049,482.39837646484375,
0.13479763269424438,25.89734649658203,0.21249103546142578,2.632431983947754,0.08072042465209961,7.418528079986572,137,486.34112548828125,25099,486.34112548828125,
,,,,,,138,491.2254333496094,25149,491.2254333496094,
0.13405126333236694,29.94613265991211,0.23942089080810547,3.460397958755493,0.06918883323669434,7.459833145141602,138,489.587890625,25199,489.587890625,
0.15537674725055695,31.228044509887695,0.27179789543151855,3.2536375522613525,0.08353662490844727,6.435969352722168,138,481.8605041503906,25249,481.8605041503906,
,,,,,,139,509.34820556640625,25299,509.34820556640625,
0.12353961169719696,30.439407348632812,0.21843218803405762,3.2986879348754883,0.06621789932250977,8.09457015991211,139,487.510986328125,25349,487.510986328125,
0.15418101847171783,42.6409797668457,0.4540717601776123,5.3538818359375,0.08481168746948242,6.485882759094238,139,455.0107421875,25399,455.0107421875,
0.10940107703208923,28.425750732421875,0.22497844696044922,3.2698895931243896,0.06880307197570801,9.140677452087402,139,494.1085510253906,25449,494.1085510253906,
,,,,,,140,479.21417236328125,25499,479.21417236328125,
0.1108221486210823,29.874664306640625,0.24792957305908203,3.7906055450439453,0.06540632247924805,9.023467063903809,140,478.54754638671875,25549,478.54754638671875,
0.11256441473960876,27.41156005859375,0.17541003227233887,2.567610025405884,0.06831645965576172,8.88380241394043,140,487.70806884765625,25599,487.70806884765625,
0.10524288564920425,25.38275146484375,0.18973278999328613,2.84883713722229,0.06660008430480957,9.501830101013184,140,484.9544677734375,25649,484.9544677734375,
,,,,,,141,491.34234619140625,25699,491.34234619140625,
0.12395309656858444,32.37051773071289,0.30452537536621094,4.515003681182861,0.06744742393493652,8.067567825317383,141,483.5279235839844,25749,483.5279235839844,
0.15464073419570923,137.89129638671875,1.6319217681884766,22.11652183532715,0.07378745079040527,6.466601371765137,141,480.453125,25799,480.453125,
,,,,,,142,500.1163330078125,25849,500.1163330078125,
0.14758612215518951,57.07091522216797,0.6810436248779297,9.860962867736816,0.06906461715698242,6.775704383850098,142,490.7762451171875,25899,490.7762451171875,
0.14298132061958313,35.094364166259766,0.39630818367004395,4.5032548904418945,0.08800482749938965,6.993920803070068,142,470.57177734375,25949,470.57177734375,
0.11451051384210587,28.887359619140625,0.20854544639587402,2.786539077758789,0.07484030723571777,8.73282241821289,142,487.16851806640625,25999,487.16851806640625,
,,,,,,142,,25999,,451.9537048339844
,,,,,,143,461.679443359375,26049,461.679443359375,
0.13424065709114075,41.0511589050293,0.28928589820861816,4.243502140045166,0.06817150115966797,7.449308395385742,143,485.6789855957031,26099,485.6789855957031,
0.11025847494602203,25.450056076049805,0.18160343170166016,2.6591956615448,0.06829261779785156,9.069597244262695,143,492.5784912109375,26149,492.5784912109375,
0.1625336855649948,32.836673736572266,0.369748592376709,3.901165246963501,0.09477901458740234,6.152570724487305,143,476.81683349609375,26199,476.81683349609375,
,,,,,,144,477.1016845703125,26249,477.1016845703125,
0.1274471879005432,23.384614944458008,0.19721651077270508,2.7665083408355713,0.07128715515136719,7.8463873863220215,144,492.6502685546875,26299,492.6502685546875,
0.13263322412967682,31.98525619506836,0.269758939743042,3.0685248374938965,0.08791160583496094,7.5395894050598145,144,488.16424560546875,26349,488.16424560546875,
,,,,,,145,486.412353515625,26399,486.412353515625,
0.14552809298038483,55.468109130859375,0.5029139518737793,7.437036037445068,0.06762290000915527,6.871525287628174,145,488.55426025390625,26449,488.55426025390625,
0.1255655437707901,29.606157302856445,0.20471882820129395,3.02140474319458,0.06775617599487305,7.963968276977539,145,490.0473327636719,26499,490.0473327636719,
0.13099345564842224,27.49978256225586,0.2137610912322998,2.9825024604797363,0.07167172431945801,7.633969306945801,145,486.1876220703125,26549,486.1876220703125,
,,,,,,146,478.32281494140625,26599,478.32281494140625,
0.13290517032146454,32.72304153442383,0.2869374752044678,3.5288376808166504,0.08131217956542969,7.524161338806152,146,486.48394775390625,26649,486.48394775390625,
0.12490827590227127,26.706836700439453,0.22403216361999512,2.7989449501037598,0.08004164695739746,8.005874633789062,146,459.36236572265625,26699,459.36236572265625,
0.1524011492729187,79.0545654296875,0.9484519958496094,11.91028881072998,0.07963299751281738,6.561629772186279,146,482.65863037109375,26749,482.65863037109375,
,,,,,,147,509.27105712890625,26799,509.27105712890625,
0.11482573300600052,32.896812438964844,0.2547733783721924,3.69016170501709,0.06904125213623047,8.70884895324707,147,487.49334716796875,26849,487.49334716796875,
0.17803122103214264,37.98585891723633,0.47627830505371094,6.684767723083496,0.07124829292297363,5.616992473602295,147,485.37322998046875,26899,485.37322998046875,
,,,,,,148,474.1234130859375,26949,474.1234130859375,
0.12313693016767502,33.38383483886719,0.22077155113220215,3.699610948562622,0.05967426300048828,8.121040344238281,148,474.2916259765625,26999,474.2916259765625,
0.1408359557390213,25.749422073364258,0.22894644737243652,2.5513744354248047,0.08973455429077148,7.100459575653076,148,469.25238037109375,27049,469.25238037109375,
0.13140442967414856,23.8281192779541,0.19605135917663574,2.579882860183716,0.07599234580993652,7.610093593597412,148,477.845703125,27099,477.845703125,
,,,,,,149,475.8470458984375,27149,475.8470458984375,
0.12222267687320709,32.82102584838867,0.27646708488464355,4.602339267730713,0.06007099151611328,8.181787490844727,149,501.2509765625,27199,501.2509765625,
0.14238469302654266,118.51128387451172,1.306370496749878,18.540451049804688,0.07046055793762207,7.023226737976074,149,479.3249206542969,27249,479.3249206542969,
0.15160878002643585,36.05908966064453,0.3993265628814697,4.489449977874756,0.08894777297973633,6.595924377441406,149,482.97686767578125,27299,482.97686767578125,
,,,,,,150,511.257080078125,27349,511.257080078125,
0.13348405063152313,29.708417892456055,0.26171159744262695,4.3606858253479,0.06001615524291992,7.491531848907471,150,493.2880859375,27399,493.2880859375,
0.14481718838214874,37.48965835571289,0.32129359245300293,4.504382133483887,0.07132911682128906,6.905257701873779,150,489.05810546875,27449,489.05810546875,
,,,,,,151,484.8271484375,27499,484.8271484375,
0.11640330404043198,33.00688934326172,0.2753722667694092,4.586935520172119,0.06003403663635254,8.590821266174316,151,458.898681640625,27549,458.898681640625,
0.15123580396175385,36.115787506103516,0.3046910762786865,3.9338037967681885,0.0774545669555664,6.612191200256348,151,498.2407531738281,27599,498.2407531738281,
0.12992820143699646,30.10573387145996,0.2537260055541992,3.6165432929992676,0.07015705108642578,7.696558475494385,151,495.22601318359375,27649,495.22601318359375,
,,,,,,152,477.30517578125,27699,477.30517578125,
0.13830770552158356,64.7740707397461,0.8310165405273438,12.297219276428223,0.06757760047912598,7.230255126953125,152,483.6351013183594,27749,483.6351013183594,
0.1416037231683731,26.021631240844727,0.2257404327392578,2.9321515560150146,0.07698798179626465,7.061961650848389,152,471.9446105957031,27799,471.9446105957031,
,,,,,,153,480.3724670410156,27849,480.3724670410156,
0.11598590761423111,28.77880096435547,0.23347067832946777,3.291675090789795,0.07092761993408203,8.621737480163574,153,485.6881408691406,27899,485.6881408691406,
0.1354200392961502,31.496841430664062,0.29844093322753906,4.013710975646973,0.0743553638458252,7.384431838989258,153,469.77630615234375,27949,469.77630615234375,
0.1496008187532425,39.4130744934082,0.3284919261932373,4.289149761199951,0.07658672332763672,6.684455394744873,153,480.3791809082031,27999,480.3791809082031,
,,,,,,153,,27999,,452.6417541503906
,,,,,,154,507.28753662109375,28049,507.28753662109375,
0.11694886535406113,36.22596740722656,0.3168151378631592,4.708600997924805,0.06728434562683105,8.550745964050293,154,482.3240966796875,28099,482.3240966796875,
0.12472598999738693,26.706750869750977,0.1852734088897705,2.3044848442077637,0.08039689064025879,8.01757526397705,154,491.8810119628906,28149,491.8810119628906,
0.11757981032133102,27.546958923339844,0.18998479843139648,2.7003579139709473,0.07035541534423828,8.504860877990723,154,476.4427490234375,28199,476.4427490234375,
,,,,,,155,464.51507568359375,28249,464.51507568359375,
0.11400239169597626,30.795289993286133,0.315382719039917,4.536762237548828,0.06951713562011719,8.771745681762695,155,503.49468994140625,28299,503.49468994140625,
0.12540371716022491,28.74363136291504,0.21186351776123047,2.7854504585266113,0.07606077194213867,7.974245071411133,155,490.45458984375,28349,490.45458984375,
,,,,,,156,462.4682312011719,28399,462.4682312011719,
0.1131073459982872,28.258834838867188,0.21951961517333984,3.1694841384887695,0.0692603588104248,8.841158866882324,156,487.7242431640625,28449,487.7242431640625,
0.15608367323875427,48.52159118652344,0.4868197441101074,5.50703239440918,0.08839964866638184,6.406820297241211,156,486.6949157714844,28499,486.6949157714844,
0.1287543773651123,32.768924713134766,0.25350308418273926,3.6186413764953613,0.07005476951599121,7.766726016998291,156,485.67315673828125,28549,485.67315673828125,
,,,,,,157,487.9947509765625,28599,487.9947509765625,
0.10649007558822632,29.556495666503906,0.18869590759277344,3.06318736076355,0.06160116195678711,9.390545845031738,157,487.4769287109375,28649,487.4769287109375,
0.16916343569755554,39.158267974853516,0.4600803852081299,5.156059265136719,0.08923101425170898,5.91144323348999,157,508.6646423339844,28699,508.6646423339844,
0.12410788983106613,25.241657257080078,0.19028139114379883,2.494906187057495,0.07626795768737793,8.05750560760498,157,464.7259826660156,28749,464.7259826660156,
,,,,,,158,478.5235290527344,28799,478.5235290527344,
0.13250309228897095,69.76371765136719,0.891770601272583,13.623393058776855,0.06545877456665039,7.546993732452393,158,482.43365478515625,28849,482.43365478515625,
0.1406751573085785,24.619831085205078,0.21760940551757812,2.5581936836242676,0.08506369590759277,7.108575820922852,158,482.46002197265625,28899,482.46002197265625,
,,,,,,159,491.51116943359375,28949,491.51116943359375,
0.13128112256526947,28.651161193847656,0.2634391784667969,3.5079257488250732,0.07509827613830566,7.617241859436035,159,483.49725341796875,28999,483.49725341796875,
0.13500942289829254,28.483247756958008,0.2718050479888916,3.6623330116271973,0.07421636581420898,7.406890392303467,159,484.625732421875,29049,484.625732421875,
0.13876739144325256,33.351829528808594,0.27672243118286133,3.6084165573120117,0.07668805122375488,7.20630407333374,159,476.3150939941406,29099,476.3150939941406,
,,,,,,160,498.4806823730469,29149,498.4806823730469,
0.11407121270895004,33.050445556640625,0.25240612030029297,3.8636248111724854,0.06532883644104004,8.766453742980957,160,484.07568359375,29199,484.07568359375,
0.16112785041332245,31.731069564819336,0.2813408374786377,2.8389694690704346,0.09909963607788086,6.206251621246338,160,480.1683044433594,29249,480.1683044433594,
0.12207335233688354,29.839929580688477,0.23488807678222656,3.509268283843994,0.06693363189697266,8.19179630279541,160,500.46295166015625,29299,500.46295166015625,
,,,,,,161,474.6993408203125,29349,474.6993408203125,
0.11227397620677948,29.306407928466797,0.2183246612548828,3.254666566848755,0.06708049774169922,8.906783103942871,161,489.11529541015625,29399,489.11529541015625,
0.14591744542121887,22.536680221557617,0.2129366397857666,2.2124204635620117,0.09624600410461426,6.8531904220581055,161,484.2582092285156,29449,484.2582092285156,
,,,,,,162,485.8681640625,29499,485.8681640625,
0.1292002946138382,25.896484375,0.2635154724121094,3.704178810119629,0.07114005088806152,7.739920139312744,162,507.55633544921875,29549,507.55633544921875,
0.12006952613592148,28.839950561523438,0.25635671615600586,3.2792444229125977,0.07817554473876953,8.328507423400879,162,479.5014953613281,29599,479.5014953613281,
0.13655836880207062,30.33075523376465,0.3141186237335205,3.7270936965942383,0.08427977561950684,7.3228759765625,162,484.1419372558594,29649,484.1419372558594,
,,,,,,163,491.11846923828125,29699,491.11846923828125,
0.11898800730705261,29.638525009155273,0.22489643096923828,3.2882046699523926,0.06839489936828613,8.404208183288574,163,487.3103332519531,29749,487.3103332519531,
0.18409331142902374,59.610984802246094,0.6822545528411865,7.531769752502441,0.09058356285095215,5.432027816772461,163,483.78204345703125,29799,483.78204345703125,
,,,,,,164,508.9964599609375,29849,508.9964599609375,
0.11535554379224777,41.88318634033203,0.3795146942138672,6.272139549255371,0.060508012771606445,8.668850898742676,164,485.62615966796875,29899,485.62615966796875,
0.15522688627243042,42.2635498046875,0.5305907726287842,5.8760786056518555,0.09029674530029297,6.442183017730713,164,458.12066650390625,29949,458.12066650390625,
0.12527433037757874,28.639528274536133,0.20684170722961426,2.663513660430908,0.07765746116638184,7.982481002807617,164,493.70440673828125,29999,493.70440673828125,
,,,,,,164,,29999,,451.71673583984375
,,,,,,165,476.5074462890625,30049,476.5074462890625,
0.12945669889450073,29.24480438232422,0.24419164657592773,3.248234987258911,0.07517671585083008,7.724590301513672,165,481.092041015625,30099,481.092041015625,
0.11701156198978424,26.78330421447754,0.193742036819458,2.673297643661499,0.07247304916381836,8.546164512634277,165,485.93023681640625,30149,485.93023681640625,
0.1341429054737091,33.9075813293457,0.22476887702941895,3.1544625759124756,0.07125425338745117,7.454736232757568,165,483.30804443359375,30199,483.30804443359375,
,,,,,,166,490.61407470703125,30249,490.61407470703125,
0.11271954327821732,37.29023361206055,0.26253843307495117,4.474701881408691,0.05867171287536621,8.871576309204102,166,485.19354248046875,30299,485.19354248046875,
0.18458044528961182,64.21019744873047,0.7926204204559326,7.899824619293213,0.10033392906188965,5.417692184448242,166,479.65338134765625,30349,479.65338134765625,
,,,,,,167,500.2057800292969,30399,500.2057800292969,
0.12136569619178772,47.85712432861328,0.4564244747161865,8.27397632598877,0.05516386032104492,8.2395601272583,167,488.3106384277344,30449,488.3106384277344,
0.12501569092273712,24.5062313079834,0.19683313369750977,2.831355571746826,0.06951904296875,7.998995304107666,167,468.2085266113281,30499,468.2085266113281,
0.11603863537311554,31.218732833862305,0.20122909545898438,2.967895269393921,0.06780195236206055,8.617818832397461,167,486.1424865722656,30549,486.1424865722656,
,,,,,,168,460.9591979980469,30599,460.9591979980469,
0.13457094132900238,61.61941909790039,0.6790924072265625,11.668517112731934,0.05819869041442871,7.431024551391602,168,487.566162109375,30649,487.566162109375,
0.13876312971115112,28.93914031982422,0.25748538970947266,2.9439785480499268,0.08746170997619629,7.2065253257751465,168,488.9952392578125,30699,488.9952392578125,
0.13477365672588348,26.6825008392334,0.23386120796203613,2.6094377040863037,0.08962130546569824,7.4198479652404785,168,473.02545166015625,30749,473.02545166015625,
,,,,,,169,476.3672790527344,30799,476.3672790527344,
0.12745806574821472,33.7479248046875,0.25629425048828125,3.8688242435455322,0.06624603271484375,7.845717906951904,169,487.3860168457031,30849,487.3860168457031,
0.17150522768497467,113.14659881591797,1.4973926544189453,17.9783992767334,0.08328843116760254,5.830726146697998,169,485.95233154296875,30899,485.95233154296875,
,,,,,,170,489.04156494140625,30949,489.04156494140625,
0.11565891653299332,72.19224548339844,0.8063466548919678,14.242724418640137,0.05661463737487793,8.646112442016602,170,491.06103515625,30999,491.06103515625,
0.1591798961162567,34.37698745727539,0.34409570693969727,4.002590179443359,0.0859682559967041,6.282200336456299,170,489.129638671875,31049,489.129638671875,
0.12000879645347595,28.952367782592773,0.2073209285736084,2.7418766021728516,0.07561278343200684,8.332722663879395,170,482.9270324707031,31099,482.9270324707031,
,,,,,,171,479.75885009765625,31149,479.75885009765625,
0.1378682255744934,45.48976516723633,0.3123931884765625,5.310808181762695,0.0588221549987793,7.253303050994873,171,487.3288879394531,31199,487.3288879394531,
0.1302441954612732,23.95982551574707,0.22597599029541016,2.812431812286377,0.08034896850585938,7.677885055541992,171,459.6336669921875,31249,459.6336669921875,
0.1251218020915985,26.869022369384766,0.19432759284973145,2.8119983673095703,0.0691065788269043,7.992211818695068,171,477.24298095703125,31299,477.24298095703125,
,,,,,,172,507.64288330078125,31349,507.64288330078125,
0.143092542886734,37.81868362426758,0.3549079895019531,4.780459403991699,0.07424139976501465,6.9884843826293945,172,485.5623474121094,31399,485.5623474121094,
0.12624312937259674,25.24166488647461,0.18673110008239746,2.4176039695739746,0.07723808288574219,7.921223163604736,172,485.8868103027344,31449,485.8868103027344,
,,,,,,173,473.8411560058594,31499,473.8411560058594,
0.11781641095876694,29.09905242919922,0.1997983455657959,2.989323616027832,0.06683731079101562,8.487781524658203,173,475.879150390625,31549,475.879150390625,
0.18223543465137482,38.601932525634766,0.4494013786315918,4.716028690338135,0.09529232978820801,5.4874067306518555,173,467.0111083984375,31599,467.0111083984375,
0.14997507631778717,39.81317138671875,0.43387413024902344,5.280124187469482,0.08217120170593262,6.667774677276611,173,477.2820129394531,31649,477.2820129394531,
,,,,,,174,473.61370849609375,31699,473.61370849609375,
0.13377955555915833,38.498294830322266,0.288433313369751,4.894850730895996,0.05892586708068848,7.4749836921691895,174,497.36688232421875,31749,497.36688232421875,
0.16160686314105988,25.649364471435547,0.26355671882629395,2.640044927597046,0.09983038902282715,6.187856197357178,174,479.14910888671875,31799,479.14910888671875,
0.13894721865653992,22.797819137573242,0.20690608024597168,2.9063098430633545,0.07119202613830566,7.196977615356445,174,483.3959045410156,31849,483.3959045410156,
,,,,,,175,515.1776123046875,31899,515.1776123046875,
0.126778706908226,31.2963924407959,0.2486565113067627,3.9634904861450195,0.06273674964904785,7.887759685516357,175,491.0001525878906,31949,491.0001525878906,
0.13935987651348114,24.282346725463867,0.2263484001159668,2.448683023452759,0.0924367904663086,7.175666332244873,175,489.68231201171875,31999,489.68231201171875,
,,,,,,175,,31999,,451.7196350097656
,,,,,,176,483.00445556640625,32049,483.00445556640625,
0.12354089319705963,24.388811111450195,0.21442770957946777,2.7953646183013916,0.07670831680297852,8.094486236572266,176,457.304931640625,32099,457.304931640625,
0.14936119318008423,29.408653259277344,0.2766907215118408,4.132232189178467,0.06695914268493652,6.695179462432861,176,495.6192626953125,32149,495.6192626953125,
0.14611400663852692,34.2409553527832,0.2850220203399658,3.5849156379699707,0.07950592041015625,6.843970775604248,176,493.3501281738281,32199,493.3501281738281,
,,,,,,177,478.6192932128906,32249,478.6192932128906,
0.11180274933576584,22.970256805419922,0.21100568771362305,3.028947114944458,0.06966304779052734,8.944323539733887,177,486.33074951171875,32299,486.33074951171875,
0.1657278686761856,26.57489013671875,0.27080631256103516,2.7181689739227295,0.09962821006774902,6.033987998962402,177,467.1853942871094,32349,467.1853942871094,
,,,,,,178,481.7523498535156,32399,481.7523498535156,
0.13189736008644104,37.557987213134766,0.23771142959594727,3.6604790687561035,0.06493997573852539,7.581653118133545,178,484.552490234375,32449,484.552490234375,
0.15779836475849152,30.68706512451172,0.31016993522644043,3.111665725708008,0.09967970848083496,6.3372015953063965,178,471.04150390625,32499,471.04150390625,
0.12668919563293457,25.29708480834961,0.23647212982177734,3.2083404064178467,0.07370543479919434,7.893332481384277,178,479.79901123046875,32549,479.79901123046875,
,,,,,,179,503.3357238769531,32599,503.3357238769531,
0.1264473795890808,26.297115325927734,0.22522473335266113,3.0764503479003906,0.07320928573608398,7.908428192138672,179,480.10052490234375,32649,480.10052490234375,
0.15376415848731995,31.123794555664062,0.288832426071167,3.849040985107422,0.07504010200500488,6.5034661293029785,179,488.22930908203125,32699,488.22930908203125,
0.18076562881469727,34.36997604370117,0.36949729919433594,4.295791149139404,0.0860137939453125,5.532025337219238,179,478.91796875,32749,478.91796875,
,,,,,,180,465.11407470703125,32799,465.11407470703125,
0.12251121550798416,46.601688385009766,0.5771563053131104,8.490917205810547,0.06797337532043457,8.162518501281738,180,498.1656494140625,32849,498.1656494140625,
0.15158134698867798,27.42782211303711,0.28922510147094727,4.01207160949707,0.07208871841430664,6.597117900848389,180,488.0419921875,32899,488.0419921875,
,,,,,,181,461.1265563964844,32949,461.1265563964844,
0.1341923475265503,31.624435424804688,0.2448105812072754,3.6394925117492676,0.06726503372192383,7.451989650726318,181,488.3731994628906,32999,488.3731994628906,
0.16383829712867737,27.902353286743164,0.2653827667236328,2.6823205947875977,0.0989377498626709,6.103579044342041,181,485.15594482421875,33049,485.15594482421875,
0.12687692046165466,27.327869415283203,0.21691370010375977,2.8548359870910645,0.07598114013671875,7.881653785705566,181,487.5782470703125,33099,487.5782470703125,
,,,,,,182,482.9461975097656,33149,482.9461975097656,
0.12069371342658997,27.440195083618164,0.23241639137268066,2.9938790798187256,0.07763051986694336,8.285435676574707,182,486.9014587402344,33199,486.9014587402344,
0.13924208283424377,21.444454193115234,0.21441125869750977,2.214106798171997,0.09683871269226074,7.181736946105957,182,508.65277099609375,33249,508.65277099609375,
0.1820749193429947,37.48286056518555,0.40328001976013184,4.040751934051514,0.09980320930480957,5.492244720458984,182,467.3941650390625,33299,467.3941650390625,
,,,,,,183,477.90283203125,33349,477.90283203125,
0.1267499476671219,23.876441955566406,0.2085428237915039,3.101667642593384,0.06723570823669434,7.889549732208252,183,478.8635559082031,33399,478.8635559082031,
0.14781330525875092,26.474912643432617,0.23562240600585938,2.8143789768218994,0.08372092247009277,6.7652907371521,183,480.4444580078125,33449,480.4444580078125,
,,,,,,184,487.369873046875,33499,487.369873046875,
0.14053742587566376,35.14263153076172,0.286196231842041,4.186861038208008,0.06835579872131348,7.115542888641357,184,481.269287109375,33549,481.269287109375,
